{
  "HVIGOR_OHOS_PLUGIN": {
    "MODULES": [
      {
        "MODULE_NAME": "1043bfc77febe75fafec0c4309faccf1",
        "API_TYPE": "stageMode",
        "INCREMENTAL_TASKS": {
          "COMPILE_ARKTS": true
        }
      }
    ],
    "NATIVE_COMPILER": "Default",
    "BUILD_MODE": "debug",
    "USE_NORMALIZED_OHMURL": true
  },
  "HVIGOR": {
    "IS_INCREMENTAL": true,
    "IS_DAEMON": true,
    "IS_PARALLEL": true,
    "IS_HVIGORFILE_TYPE_CHECK": false,
    "TASK_TIME": {
      "1043bfc77febe75fafec0c4309faccf1": {
        "CreateModuleInfo": 868700,
        "ConfigureCmake": 622500,
        "PreCheckSyscap": 531900,
        "ProcessIntegratedHsp": 950600,
        "BuildNativeWithCmake": 456900,
        "SyscapTransform": 2522700,
        "ProcessStartupConfig": 4367400,
        "BuildNativeWithNinja": 723300,
        "BuildJS": 5219300,
        "CompileArkTS": 2469053400,
        "GeneratePkgModuleJson": 2381000,
        "ProcessCompiledResources": 1101100,
        "PackageHap": 99307100,
        "PackingCheck": 5533800,
        "SignHap": 1820900,
        "CollectDebugSymbol": 1013800,
        "assembleHap": 220800
      }
    },
    "APIS": [
      "getHvigorConfig",
      "getRootNodeDescriptor",
      "getChildNode",
      "getNodeByName",
      "getAllNodes",
      "getRootNode",
      "getNodeName",
      "getNodePath",
      "subNodes",
      "getExtraOption",
      "getExtParam",
      "getExtParams",
      "getProperty",
      "getProperties",
      "getProductName",
      "nodesEvaluated",
      "getParameter",
      "getCommandEntryTask",
      "getStartParams"
    ],
    "CONFIG_PROPERTIES": {},
    "TOTAL_TIME": 2849221800,
    "BUILD_ID": "202512281636071770"
  }
}