{
	"app": {
		"bundleName": "com.hj.hwaccount",
		"versionCode": 1000000,
		"versionName": "1.0.0",
		"minAPIVersion": 50000012,
		"targetAPIVersion": 50001013,
		"apiReleaseType": "Release",
		"compileSdkVersion": "5.0.1.115",
		"compileSdkType": "HarmonyOS",
		"appEnvironments": [],
		"bundleType": "app"
	},
	"module": {
		"name": "agconnect_auth",
		"type": "har",
		"deviceTypes": [
			"default",
			"tablet"
		],
		"requestPermissions": [
			{
				"name": "ohos.permission.INTERNET"
			}
		],
		"packageName": "@hw-agconnect/auth",
		"installationFree": false,
		"virtualMachine": "ark12.0.2.0",
		"compileMode": "esmodule",
		"dependencies": []
	}
}
