<?xml version="1.0" encoding="UTF-8"?>
<!DOCTYPE mapper PUBLIC "-//mybatis.org//DTD Mapper 3.0//EN" "http://mybatis.org/dtd/mybatis-3-mapper.dtd">
<mapper namespace="com.ay.harmonyos.mapper.MessageMapper">

    <resultMap id="BaseResultMap" type="com.ay.harmonyos.entity.Message">
        <id column="id" property="id" jdbcType="BIGINT"/>
        <result column="chat_id" property="chatId" jdbcType="VARCHAR"/>
        <result column="content" property="content" jdbcType="VARCHAR"/>
        <result column="is_ai_message" property="isAiMessage" jdbcType="INTEGER"/>
        <result column="user_id" property="userId" jdbcType="BIGINT"/>
        <result column="create_time" property="createTime" jdbcType="TIMESTAMP"/>
    </resultMap>

    <select id="getMessagesByChatId" resultMap="BaseResultMap">
        SELECT id, chat_id, content, is_ai_message, user_id, create_time
        FROM message
        WHERE chat_id = #{chatId}
        ORDER BY create_time ASC
    </select>

    <insert id="insertMessage" parameterType="com.ay.harmonyos.entity.Message">
        INSERT INTO message (chat_id, content, is_ai_message, user_id, create_time)
        VALUES (#{chatId}, #{content}, #{isAiMessage}, #{userId}, #{createTime})
    </insert>

</mapper>
