{":Account-main:entry:default@PreBuild":{"_inputs":[{"dataType":"ValueEntry","value":"{\"_name\":\"BUILTIN_TASK_COMMAND\",\"_value\":\"\",\"_valueType\":\"string\",\"_hash\":\"0b5d05294fdf4e78e8482ef53eb64ac0\"}"},{"dataType":"ValueEntry","value":"{\"_name\":\"BUILTIN_TASK_ENV\",\"_value\":\"\",\"_valueType\":\"string\",\"_hash\":\"cdcdc2ec8062ca9ec1de46dbf2bbc053\"}"},{"dataType":"ValueEntry","value":"{\"_name\":\"BUILTIN_TASK_TOOLCHAIN\",\"_value\":\"\",\"_valueType\":\"string\",\"_hash\":\"e7f94a9422a8bc317a7d90b58efcb5f6\"}"},{"dataType":"ValueEntry","value":"{\"_name\":\"apiType\",\"_value\":\"stageMode\",\"_valueType\":\"string\",\"_hash\":\"699c7565645ea3ea8c88551a4926a3d5\"}"},{"dataType":"ValueEntry","value":"{\"_name\":\"byteCodeHar\",\"_value\":false,\"_valueType\":\"boolean\",\"_hash\":\"1918a3ccb645ccacd0aedd84fc6cf8a4\"}"},{"dataType":"ValueEntry","value":"{\"_name\":\"codeType\",\"_value\":true,\"_valueType\":\"boolean\",\"_hash\":\"d6dcf21a9f078b661283507536e57ce8\"}"},{"dataType":"ValueEntry","value":"{\"_name\":\"compatibleApiVersion\",\"_value\":12,\"_valueType\":\"number\",\"_hash\":\"b8c1ba3ecddcd8b1be17325fb873c8bc\"}"},{"dataType":"ValueEntry","value":"{\"_name\":\"compileApiVersion\",\"_value\":20,\"_valueType\":\"number\",\"_hash\":\"14d339ae8698188bb8a099fa02a008be\"}"},{"dataType":"ValueEntry","value":"{\"_name\":\"configuration\",\"_value\":\"\",\"_valueType\":\"string\",\"_hash\":\"d12f0038691f8f34d654391bbcee2f8e\"}"},{"dataType":"ValueEntry","value":"{\"_name\":\"configurationFileJson\",\"_value\":\"\",\"_valueType\":\"string\",\"_hash\":\"2b55287f40f7e8896b21bab4028e156b\"}"},{"dataType":"ValueEntry","value":"{\"_name\":\"customTypes\",\"_value\":\"\",\"_valueType\":\"string\",\"_hash\":\"970a2695bffac1c5a4fa283dc36050e3\"}"},{"dataType":"ValueEntry","value":"{\"_name\":\"deviceType\",\"_value\":[\"phone\",\"tablet\"],\"_valueType\":\"object\",\"_hash\":\"6b8c09abb74b3d778d7ce1bc1efb26ef\"}"},{"dataType":"ValueEntry","value":"{\"_name\":\"excludeExpandImportDependencyNames\",\"_value\":[],\"_valueType\":\"object\",\"_hash\":\"0193351ec2f32eccfbf48ad5e0b90682\"}"},{"dataType":"ValueEntry","value":"{\"_name\":\"integrated_hsp\",\"_value\":false,\"_valueType\":\"boolean\",\"_hash\":\"2538281751f182d9123d2ab28efaf9be\"}"},{"dataType":"ValueEntry","value":"{\"_name\":\"isExpandImportEnabled\",\"_value\":false,\"_valueType\":\"boolean\",\"_hash\":\"b1205f4ab0d7f5ea3d08fc62ada326f3\"}"},{"dataType":"ValueEntry","value":"{\"_name\":\"isPreloadSystemSoEnabled\",\"_value\":false,\"_valueType\":\"boolean\",\"_hash\":\"c4acb1b795996dd37bb5da9b9d6d5a6c\"}"},{"dataType":"ValueEntry","value":"{\"_name\":\"isSingleFileEmitEnabled\",\"_value\":false,\"_valueType\":\"boolean\",\"_hash\":\"d134e8dc91cab6e80284a67f740061f1\"}"},{"dataType":"ValueEntry","value":"{\"_name\":\"isSupportOhpmProj\",\"_value\":true,\"_valueType\":\"boolean\",\"_hash\":\"f3a249d7e3f751316e931b8a08b074b4\"}"},{"dataType":"ValueEntry","value":"{\"_name\":\"moduleDependencyNames\",\"_value\":[],\"_valueType\":\"object\",\"_hash\":\"87c47fafa181bc24adadaf4aa2767fe8\"}"},{"dataType":"ValueEntry","value":"{\"_name\":\"moduleJsonOpt\",\"_value\":\"{\\\"jsonFilePath\\\":\\\"C:\\\\\\\\Users\\\\\\\\Alisa\\\\\\\\Desktop\\\\\\\\ayyyyy\\\\\\\\Account-main\\\\\\\\entry\\\\\\\\src\\\\\\\\main\\\\\\\\module.json5\\\",\\\"profile\\\":{\\\"module\\\":{\\\"name\\\":\\\"entry\\\",\\\"type\\\":\\\"entry\\\",\\\"description\\\":\\\"$string:entry_desc\\\",\\\"mainElement\\\":\\\"entryAbility\\\",\\\"deviceTypes\\\":[\\\"phone\\\",\\\"tablet\\\"],\\\"deliveryWithInstall\\\":true,\\\"installationFree\\\":false,\\\"pages\\\":\\\"$profile:main_pages\\\",\\\"abilities\\\":[{\\\"name\\\":\\\"EntryAbility\\\",\\\"srcEntry\\\":\\\"./ets/entryability/EntryAbility.ets\\\",\\\"description\\\":\\\"$string:MainAbility_desc\\\",\\\"icon\\\":\\\"$media:avatar\\\",\\\"label\\\":\\\"$string:MainAbility_label\\\",\\\"startWindowIcon\\\":\\\"$media:icon\\\",\\\"startWindowBackground\\\":\\\"$color:white\\\",\\\"exported\\\":true,\\\"skills\\\":[{\\\"entities\\\":[\\\"entity.system.home\\\"],\\\"actions\\\":[\\\"action.system.home\\\"]}]}],\\\"requestPermissions\\\":[{\\\"name\\\":\\\"ohos.permission.INTERNET\\\"}]}},\\\"deviceTypes\\\":[\\\"phone\\\",\\\"tablet\\\"],\\\"deviceConfig\\\":\\\"deviceTypes\\\",\\\"configurationProfile\\\":\\\"module.json5\\\"}\",\"_valueType\":\"string\",\"_hash\":\"98b99a1ca3272920fb0c26829bde9c55\"}"},{"dataType":"ValueEntry","value":"{\"_name\":\"profileModuleName\",\"_value\":\"entry\",\"_valueType\":\"string\",\"_hash\":\"b174ea6ff5824844dde5ad92f6b3ef2b\"}"},{"dataType":"ValueEntry","value":"{\"_name\":\"removePermissions\",\"_valueType\":\"undefined\",\"_hash\":\"0703cfc523a152c6195a8fd1935503e5\"}"},{"dataType":"ValueEntry","value":"{\"_name\":\"sdkToolchainsComponentVersion\",\"_value\":\"6.0.0.47\",\"_valueType\":\"string\",\"_hash\":\"c127f4ea36b6aa4ea112cf2815ac6aa8\"}"},{"dataType":"ValueEntry","value":"{\"_name\":\"sourceRoots\",\"_value\":true,\"_valueType\":\"boolean\",\"_hash\":\"a369c115d2c4122f3819759804ec9d35\"}"},{"dataType":"ValueEntry","value":"{\"_name\":\"targetStatusCode\",\"_value\":2,\"_valueType\":\"number\",\"_hash\":\"5a9255c0f4ee50904a9349ebafca8369\"}"},{"dataType":"ValueEntry","value":"{\"_name\":\"transformLib\",\"_value\":\"\",\"_valueType\":\"string\",\"_hash\":\"7d270d0ce7ae5c6e2e32760cb396ea5a\"}"},{"dataType":"ValueEntry","value":"{\"_name\":\"useNormalizedOHMUrl\",\"_value\":true,\"_valueType\":\"boolean\",\"_hash\":\"05eabcf12e6fe230e579e0fd37679db6\"}"}],"_successful":true,"_projectName":"Account-main","_moduleName":"entry","_taskName":"default@PreBuild","_key":":Account-main:entry:default@PreBuild","_executionId":":Account-main:entry:default@PreBuild:1766908889615","_inputFiles":{"dataType":"Map","value":[["C:\\Users\\Alisa\\Desktop\\ayyyyy\\Account-main\\AppScope\\app.json5",{"isDirectory":false,"fileSnapShotHashValue":"d2f873fca2ce806c5db03ed613a803c3"}],["C:\\Users\\Alisa\\Desktop\\ayyyyy\\Account-main\\entry\\src\\main\\module.json5",{"isDirectory":false,"fileSnapShotHashValue":"8268d6e40b4dfee5b49f7937abbdd319"}],["C:\\Users\\Alisa\\Desktop\\ayyyyy\\Account-main\\build-profile.json5",{"fileSnapShotHashValue":"251f8efbbd7971dbab19b198dcd7f4c7"}],["C:\\Users\\Alisa\\Desktop\\ayyyyy\\Account-main\\entry\\build-profile.json5",{"fileSnapShotHashValue":"38c78f32f785ee0d03c36520d913a158"}],["C:\\Users\\Alisa\\Desktop\\ayyyyy\\Account-main\\entry\\src\\main\\resources\\base\\profile\\main_pages.json",{"fileSnapShotHashValue":"bbdc3817aa92f7a6f445a1c6b0026688"}],["C:\\Users\\Alisa\\Desktop\\ayyyyy\\Account-main\\hvigor\\hvigor-config.json5",{"isDirectory":true,"fileSnapShotHashValue":"8e3be574f5eb132628ee2069f1b49bbf"}],["C:\\Users\\Alisa\\Desktop\\ayyyyy\\Account-main\\entry\\oh-package.json5",{"fileSnapShotHashValue":"33160b8e98cdbab9ff0f728f31929c11"}],["C:\\Users\\Alisa\\Desktop\\ayyyyy\\Account-main\\oh-package.json5",{"fileSnapShotHashValue":"4450f315859dcf567bf98688bf508923"}]]},"_outputFiles":{"dataType":"Map","value":[]}},":Account-main:entry:default@CreateModuleInfo":{"_inputs":[{"dataType":"ValueEntry","value":"{\"_name\":\"ohosUiTransformOptimization\",\"_value\":false,\"_valueType\":\"boolean\"}"},{"dataType":"ValueEntry","value":"{\"_name\":\"BUILTIN_TASK_COMMAND\",\"_value\":\"\",\"_valueType\":\"string\"}"},{"dataType":"ValueEntry","value":"{\"_name\":\"BUILTIN_TASK_TOOLCHAIN\",\"_value\":\"\",\"_valueType\":\"string\"}"},{"dataType":"ValueEntry","value":"{\"_name\":\"BUILTIN_TASK_ENV\",\"_value\":\"\",\"_valueType\":\"string\"}"}],"_successful":false,"_projectName":"Account-main","_moduleName":"entry","_taskName":"default@CreateModuleInfo","_key":":Account-main:entry:default@CreateModuleInfo","_executionId":":Account-main:entry:default@CreateModuleInfo:1766910967298","_inputFiles":{"dataType":"Map","value":[]},"_outputFiles":{"dataType":"Map","value":[["C:\\Users\\Alisa\\Desktop\\ayyyyy\\Account-main\\entry\\build\\default\\generated\\profile\\default\\ModuleInfo.ts",{"isDirectory":false,"fileSnapShotHashValue":""}]]}},":Account-main:entry:default@GenerateMetadata":{"_inputs":[{"dataType":"ValueEntry","value":"{\"_name\":\"BUILTIN_TASK_COMMAND\",\"_value\":\"\",\"_valueType\":\"string\",\"_hash\":\"0b5d05294fdf4e78e8482ef53eb64ac0\"}"},{"dataType":"ValueEntry","value":"{\"_name\":\"BUILTIN_TASK_ENV\",\"_value\":\"\",\"_valueType\":\"string\",\"_hash\":\"cdcdc2ec8062ca9ec1de46dbf2bbc053\"}"},{"dataType":"ValueEntry","value":"{\"_name\":\"BUILTIN_TASK_TOOLCHAIN\",\"_value\":\"\",\"_valueType\":\"string\",\"_hash\":\"e7f94a9422a8bc317a7d90b58efcb5f6\"}"},{"dataType":"ValueEntry","value":"{\"_name\":\"artifactName\",\"_value\":\"\",\"_valueType\":\"string\",\"_hash\":\"7f42b9cbe0181813f8dc60881bf90988\"}"},{"dataType":"ValueEntry","value":"{\"_name\":\"isSigned\",\"_value\":false,\"_valueType\":\"boolean\",\"_hash\":\"a1368a74a9a6bab3a8b88ab0063c1681\"}"},{"dataType":"ValueEntry","value":"{\"_name\":\"relatedEntryModules\",\"_value\":\"\",\"_valueType\":\"string\",\"_hash\":\"85b4d1fa598cae3838191eb99a09f4dd\"}"},{"dataType":"ValueEntry","value":"{\"_name\":\"remoteHspMetaData\",\"_value\":\"\",\"_valueType\":\"string\",\"_hash\":\"4789086a6779d6842529a03edde7237d\"}"},{"dataType":"ValueEntry","value":"{\"_name\":\"targetDeviceType\",\"_value\":[\"phone\",\"tablet\"],\"_valueType\":\"object\",\"_hash\":\"7c784b382cfa2c3a26c881fb43380eab\"}"}],"_successful":true,"_projectName":"Account-main","_moduleName":"entry","_taskName":"default@GenerateMetadata","_key":":Account-main:entry:default@GenerateMetadata","_executionId":":Account-main:entry:default@GenerateMetadata:1766908890049","_inputFiles":{"dataType":"Map","value":[["C:\\Users\\Alisa\\Desktop\\ayyyyy\\Account-main\\entry\\src\\main\\module.json5",{"fileSnapShotHashValue":"8268d6e40b4dfee5b49f7937abbdd319"}]]},"_outputFiles":{"dataType":"Map","value":[["C:\\Users\\Alisa\\Desktop\\ayyyyy\\Account-main\\entry\\build\\default\\intermediates\\hap_metadata\\default\\output_metadata.json",{"fileSnapShotHashValue":"cc01d68d3d1f8eee9eaab1fdc8c1d999"}]]}},":Account-main:entry:default@MergeProfile":{"_inputs":[{"dataType":"ValueEntry","value":"{\"_name\":\"BUILTIN_TASK_COMMAND\",\"_value\":\"\",\"_valueType\":\"string\",\"_hash\":\"0b5d05294fdf4e78e8482ef53eb64ac0\"}"},{"dataType":"ValueEntry","value":"{\"_name\":\"BUILTIN_TASK_ENV\",\"_value\":\"\",\"_valueType\":\"string\",\"_hash\":\"cdcdc2ec8062ca9ec1de46dbf2bbc053\"}"},{"dataType":"ValueEntry","value":"{\"_name\":\"BUILTIN_TASK_TOOLCHAIN\",\"_value\":\"\",\"_valueType\":\"string\",\"_hash\":\"e7f94a9422a8bc317a7d90b58efcb5f6\"}"},{"dataType":"ValueEntry","value":"{\"_name\":\"appJsonOpt\",\"_value\":\"{\\\"app\\\":{\\\"bundleName\\\":\\\"com.ay.wealth\\\",\\\"vendor\\\":\\\"example\\\",\\\"versionCode\\\":1000000,\\\"versionName\\\":\\\"1.0.0\\\",\\\"icon\\\":\\\"$media:app_icon\\\",\\\"label\\\":\\\"$string:app_name\\\"}}\",\"_valueType\":\"string\",\"_hash\":\"5a92cfa7afd4153ef20253db044ec078\"}"},{"dataType":"ValueEntry","value":"{\"_name\":\"asanEnable\",\"_value\":false,\"_valueType\":\"boolean\",\"_hash\":\"bc2129ba20a21b7e5234139ede1b4d7b\"}"},{"dataType":"ValueEntry","value":"{\"_name\":\"buildProfileAbilities\",\"_valueType\":\"undefined\",\"_hash\":\"40d5093f345351dd6d67ce5d6a209345\"}"},{"dataType":"ValueEntry","value":"{\"_name\":\"buildRoot\",\"_value\":\"build\",\"_valueType\":\"string\",\"_hash\":\"4c2dd7bb7507f74001ec27f2936db7f9\"}"},{"dataType":"ValueEntry","value":"{\"_name\":\"compatibleSdkVersion\",\"_value\":12,\"_valueType\":\"number\",\"_hash\":\"3c48b1937556f5c7e1ff0b2e0af0184f\"}"},{"dataType":"ValueEntry","value":"{\"_name\":\"hwasanEnable\",\"_value\":false,\"_valueType\":\"boolean\",\"_hash\":\"d35c8440e915c3a94c482ddd6f7af075\"}"},{"dataType":"ValueEntry","value":"{\"_name\":\"includeAppScopeRes\",\"_value\":\"\",\"_valueType\":\"string\",\"_hash\":\"f7a63c7a6a8f0303e1c2b3b71d3b71d0\"}"},{"dataType":"ValueEntry","value":"{\"_name\":\"integratedHsp\",\"_value\":false,\"_valueType\":\"boolean\",\"_hash\":\"e67900c25b1f9fb70cc779de77dc6912\"}"},{"dataType":"ValueEntry","value":"{\"_name\":\"isBundledDependencies\",\"_value\":false,\"_valueType\":\"boolean\",\"_hash\":\"a69aa552317c7a6e087cb84a5722e050\"}"},{"dataType":"ValueEntry","value":"{\"_name\":\"isDebug\",\"_value\":true,\"_valueType\":\"boolean\",\"_hash\":\"edbf05a2d2be2c385e75d9565a48d419\"}"},{"dataType":"ValueEntry","value":"{\"_name\":\"isHarModule\",\"_value\":false,\"_valueType\":\"boolean\",\"_hash\":\"a15b7a3ed818faa99a4a10d67f52cb72\"}"},{"dataType":"ValueEntry","value":"{\"_name\":\"moduleJsonOpt\",\"_value\":\"{\\\"module\\\":{\\\"name\\\":\\\"entry\\\",\\\"type\\\":\\\"entry\\\",\\\"description\\\":\\\"$string:entry_desc\\\",\\\"mainElement\\\":\\\"entryAbility\\\",\\\"deviceTypes\\\":[\\\"phone\\\",\\\"tablet\\\"],\\\"deliveryWithInstall\\\":true,\\\"installationFree\\\":false,\\\"pages\\\":\\\"$profile:main_pages\\\",\\\"abilities\\\":[{\\\"name\\\":\\\"EntryAbility\\\",\\\"srcEntry\\\":\\\"./ets/entryability/EntryAbility.ets\\\",\\\"description\\\":\\\"$string:MainAbility_desc\\\",\\\"icon\\\":\\\"$media:avatar\\\",\\\"label\\\":\\\"$string:MainAbility_label\\\",\\\"startWindowIcon\\\":\\\"$media:icon\\\",\\\"startWindowBackground\\\":\\\"$color:white\\\",\\\"exported\\\":true,\\\"skills\\\":[{\\\"entities\\\":[\\\"entity.system.home\\\"],\\\"actions\\\":[\\\"action.system.home\\\"]}]}],\\\"requestPermissions\\\":[{\\\"name\\\":\\\"ohos.permission.INTERNET\\\"}]}}\",\"_valueType\":\"string\",\"_hash\":\"bb5c7d01cd2b17e941c1ef024fcbddfd\"}"},{"dataType":"ValueEntry","value":"{\"_name\":\"multiProjects\",\"_value\":false,\"_valueType\":\"boolean\",\"_hash\":\"555604752defc243b4e4c55d1549fc06\"}"},{"dataType":"ValueEntry","value":"{\"_name\":\"ohLibs\",\"_value\":[\"C:\\\\Users\\\\Alisa\\\\Desktop\\\\ayyyyy\\\\Account-main\\\\oh_modules\\\\.ohpm\\\\@ohos+mpchart@3.0.15\\\\oh_modules\\\\@ohos\\\\mpchart\\\\src\\\\main\\\\module.json\",\"C:\\\\Users\\\\Alisa\\\\Desktop\\\\ayyyyy\\\\Account-main\\\\oh_modules\\\\.ohpm\\\\@hw-agconnect+auth@1.0.5\\\\oh_modules\\\\@hw-agconnect\\\\auth\\\\src\\\\main\\\\module.json\"],\"_valueType\":\"object\",\"_hash\":\"55b09745f31d86d998aae056010d7761\"}"},{"dataType":"ValueEntry","value":"{\"_name\":\"packageName\",\"_value\":\"entry\",\"_valueType\":\"string\",\"_hash\":\"a754c30e6c7696d34a7f9aca5e67d70a\"}"},{"dataType":"ValueEntry","value":"{\"_name\":\"projectConfigAppOpt\",\"_valueType\":\"undefined\",\"_hash\":\"b52997704fa206ed96a13a1f2e464a85\"}"},{"dataType":"ValueEntry","value":"{\"_name\":\"releaseType\",\"_value\":\"Release\",\"_valueType\":\"string\",\"_hash\":\"bbcabdda034e97584f8c36f85b3ec517\"}"},{"dataType":"ValueEntry","value":"{\"_name\":\"removePermissions\",\"_valueType\":\"undefined\",\"_hash\":\"0703cfc523a152c6195a8fd1935503e5\"}"},{"dataType":"ValueEntry","value":"{\"_name\":\"targetSdkVersion\",\"_value\":20,\"_valueType\":\"number\",\"_hash\":\"94318ee66b276d9f7c056294403d2f58\"}"},{"dataType":"ValueEntry","value":"{\"_name\":\"tsanEnable\",\"_value\":false,\"_valueType\":\"boolean\",\"_hash\":\"086cac69f102cdd9ee25e54982ad7b76\"}"},{"dataType":"ValueEntry","value":"{\"_name\":\"ubsanEnable\",\"_value\":false,\"_valueType\":\"boolean\",\"_hash\":\"3b15da42c5f4b695fbd1d0b43191764a\"}"}],"_successful":true,"_projectName":"Account-main","_moduleName":"entry","_taskName":"default@MergeProfile","_key":":Account-main:entry:default@MergeProfile","_executionId":":Account-main:entry:default@MergeProfile:1766908890069","_inputFiles":{"dataType":"Map","value":[["C:\\Users\\Alisa\\Desktop\\ayyyyy\\Account-main\\AppScope\\app.json5",{"fileSnapShotHashValue":"d2f873fca2ce806c5db03ed613a803c3"}],["C:\\Users\\Alisa\\Desktop\\ayyyyy\\Account-main\\build-profile.json5",{"fileSnapShotHashValue":"251f8efbbd7971dbab19b198dcd7f4c7"}],["C:\\Users\\Alisa\\Desktop\\ayyyyy\\Account-main\\entry\\src\\main\\module.json5",{"fileSnapShotHashValue":"8268d6e40b4dfee5b49f7937abbdd319"}],["C:\\Users\\Alisa\\Desktop\\ayyyyy\\Account-main\\oh_modules\\.ohpm\\@ohos+mpchart@3.0.15\\oh_modules\\@ohos\\mpchart\\src\\main\\module.json",{"fileSnapShotHashValue":"e662ae4fd0da97aafc09e23a3192cbed"}],["C:\\Users\\Alisa\\Desktop\\ayyyyy\\Account-main\\oh_modules\\.ohpm\\@hw-agconnect+auth@1.0.5\\oh_modules\\@hw-agconnect\\auth\\src\\main\\module.json",{"fileSnapShotHashValue":"672e3ac361a6478171068498f2bc4da4"}]]},"_outputFiles":{"dataType":"Map","value":[["C:\\Users\\Alisa\\Desktop\\ayyyyy\\Account-main\\entry\\build\\default\\intermediates\\merge_profile\\default\\module.json",{"fileSnapShotHashValue":"3641aa6a9604c541f796b2d382030cd6"}]]}},":Account-main:entry:default@CreateBuildProfile":{"_inputs":[{"dataType":"ValueEntry","value":"{\"_name\":\"BUILTIN_TASK_COMMAND\",\"_value\":\"\",\"_valueType\":\"string\",\"_hash\":\"0b5d05294fdf4e78e8482ef53eb64ac0\"}"},{"dataType":"ValueEntry","value":"{\"_name\":\"BUILTIN_TASK_ENV\",\"_value\":\"\",\"_valueType\":\"string\",\"_hash\":\"cdcdc2ec8062ca9ec1de46dbf2bbc053\"}"},{"dataType":"ValueEntry","value":"{\"_name\":\"BUILTIN_TASK_TOOLCHAIN\",\"_value\":\"\",\"_valueType\":\"string\",\"_hash\":\"e7f94a9422a8bc317a7d90b58efcb5f6\"}"},{"dataType":"ValueEntry","value":"{\"_name\":\"buildMode\",\"_value\":\"Debug\",\"_valueType\":\"string\",\"_hash\":\"8120d22ada0d6de22b101e1f4ea16e81\"}"},{"dataType":"ValueEntry","value":"{\"_name\":\"buildModeName\",\"_value\":\"debug\",\"_valueType\":\"string\",\"_hash\":\"3f0246ea410fd9efa9fc7196cca045e3\"}"},{"dataType":"ValueEntry","value":"{\"_name\":\"buildProfileFields\",\"_value\":\"\",\"_valueType\":\"string\",\"_hash\":\"21090e125326cef17357e44b789a1ab5\"}"},{"dataType":"ValueEntry","value":"{\"_name\":\"projectOhosConfigAppOpt\",\"_value\":\"\",\"_valueType\":\"string\",\"_hash\":\"7613f1b2cb16d78bb723d12882b0d923\"}"}],"_successful":true,"_projectName":"Account-main","_moduleName":"entry","_taskName":"default@CreateBuildProfile","_key":":Account-main:entry:default@CreateBuildProfile","_executionId":":Account-main:entry:default@CreateBuildProfile:1766908890128","_inputFiles":{"dataType":"Map","value":[["C:\\Users\\Alisa\\Desktop\\ayyyyy\\Account-main\\AppScope\\app.json5",{"fileSnapShotHashValue":"d2f873fca2ce806c5db03ed613a803c3"}],["C:\\Users\\Alisa\\Desktop\\ayyyyy\\Account-main\\build-profile.json5",{"fileSnapShotHashValue":"251f8efbbd7971dbab19b198dcd7f4c7"}]]},"_outputFiles":{"dataType":"Map","value":[["C:\\Users\\Alisa\\Desktop\\ayyyyy\\Account-main\\entry\\build\\default\\generated\\profile\\default\\BuildProfile.ets",{"fileSnapShotHashValue":"6ffc74abb3fb5a730e365b06370ec5f6"}]]}},":Account-main:entry:default@GeneratePkgContextInfo":{"_inputs":[{"dataType":"ValueEntry","value":"{\"_name\":\"BUILTIN_TASK_COMMAND\",\"_value\":\"\",\"_valueType\":\"string\",\"_hash\":\"0b5d05294fdf4e78e8482ef53eb64ac0\"}"},{"dataType":"ValueEntry","value":"{\"_name\":\"BUILTIN_TASK_ENV\",\"_value\":\"\",\"_valueType\":\"string\",\"_hash\":\"cdcdc2ec8062ca9ec1de46dbf2bbc053\"}"},{"dataType":"ValueEntry","value":"{\"_name\":\"BUILTIN_TASK_TOOLCHAIN\",\"_value\":\"\",\"_valueType\":\"string\",\"_hash\":\"e7f94a9422a8bc317a7d90b58efcb5f6\"}"},{"dataType":"ValueEntry","value":"{\"_name\":\"pkgContextInfoMap\",\"_value\":\"{\\\"@ohos/mpchart\\\":{\\\"packageName\\\":\\\"@ohos/mpchart\\\",\\\"bundleName\\\":\\\"\\\",\\\"moduleName\\\":\\\"\\\",\\\"version\\\":\\\"3.0.15\\\",\\\"entryPath\\\":\\\"index.ets\\\",\\\"isSO\\\":false,\\\"dependencyAlias\\\":\\\"\\\"},\\\"@hw-agconnect/auth\\\":{\\\"packageName\\\":\\\"@hw-agconnect/auth\\\",\\\"bundleName\\\":\\\"\\\",\\\"moduleName\\\":\\\"\\\",\\\"version\\\":\\\"1.0.5\\\",\\\"entryPath\\\":\\\"Index\\\",\\\"isSO\\\":false,\\\"dependencyAlias\\\":\\\"\\\"},\\\"@ohos/hypium\\\":{\\\"packageName\\\":\\\"@ohos/hypium\\\",\\\"bundleName\\\":\\\"\\\",\\\"moduleName\\\":\\\"\\\",\\\"version\\\":\\\"1.0.15\\\",\\\"entryPath\\\":\\\"index.js\\\",\\\"isSO\\\":false,\\\"dependencyAlias\\\":\\\"\\\"},\\\"entry\\\":{\\\"packageName\\\":\\\"entry\\\",\\\"bundleName\\\":\\\"\\\",\\\"moduleName\\\":\\\"\\\",\\\"version\\\":\\\"\\\",\\\"entryPath\\\":\\\"src/main/\\\",\\\"isSO\\\":false,\\\"dependencyAlias\\\":\\\"\\\"}}\",\"_valueType\":\"string\",\"_hash\":\"fed619f066dca0791612591bc43bd433\"}"},{"dataType":"ValueEntry","value":"{\"_name\":\"useNormalizedOHMUrl\",\"_value\":true,\"_valueType\":\"boolean\",\"_hash\":\"05eabcf12e6fe230e579e0fd37679db6\"}"}],"_successful":true,"_projectName":"Account-main","_moduleName":"entry","_taskName":"default@GeneratePkgContextInfo","_key":":Account-main:entry:default@GeneratePkgContextInfo","_executionId":":Account-main:entry:default@GeneratePkgContextInfo:1766908890176","_inputFiles":{"dataType":"Map","value":[]},"_outputFiles":{"dataType":"Map","value":[["C:\\Users\\Alisa\\Desktop\\ayyyyy\\Account-main\\entry\\build\\default\\intermediates\\loader\\default\\pkgContextInfo.json",{"isDirectory":false,"fileSnapShotHashValue":"5a79781d3a0b9ce23045c0ce96c502f2"}]]}},":Account-main:entry:default@ProcessIntegratedHsp":{"_inputs":[{"dataType":"ValueEntry","value":"{\"_name\":\"bundleName\",\"_value\":\"com.ay.wealth\",\"_valueType\":\"string\"}"},{"dataType":"ValueEntry","value":"{\"_name\":\"versionCode\",\"_value\":1000000,\"_valueType\":\"number\"}"},{"dataType":"ValueEntry","value":"{\"_name\":\"BUILTIN_TASK_COMMAND\",\"_value\":\"\",\"_valueType\":\"string\"}"},{"dataType":"ValueEntry","value":"{\"_name\":\"BUILTIN_TASK_TOOLCHAIN\",\"_value\":\"\",\"_valueType\":\"string\"}"},{"dataType":"ValueEntry","value":"{\"_name\":\"BUILTIN_TASK_ENV\",\"_value\":\"\",\"_valueType\":\"string\"}"}],"_successful":true,"_projectName":"Account-main","_moduleName":"entry","_taskName":"default@ProcessIntegratedHsp","_key":":Account-main:entry:default@ProcessIntegratedHsp","_executionId":":Account-main:entry:default@ProcessIntegratedHsp:1766910967326","_inputFiles":{"dataType":"Map","value":[]},"_outputFiles":{"dataType":"Map","value":[["C:\\Users\\Alisa\\Desktop\\ayyyyy\\Account-main\\build\\cache\\default\\integrated_hsp\\integratedHspCache.json",{"isDirectory":false,"fileSnapShotHashValue":""}]]}},":Account-main:entry:default@MakePackInfo":{"_inputs":[{"dataType":"ValueEntry","value":"{\"_name\":\"BUILTIN_TASK_COMMAND\",\"_value\":\"\",\"_valueType\":\"string\",\"_hash\":\"0b5d05294fdf4e78e8482ef53eb64ac0\"}"},{"dataType":"ValueEntry","value":"{\"_name\":\"BUILTIN_TASK_ENV\",\"_value\":\"\",\"_valueType\":\"string\",\"_hash\":\"cdcdc2ec8062ca9ec1de46dbf2bbc053\"}"},{"dataType":"ValueEntry","value":"{\"_name\":\"BUILTIN_TASK_TOOLCHAIN\",\"_value\":\"\",\"_valueType\":\"string\",\"_hash\":\"e7f94a9422a8bc317a7d90b58efcb5f6\"}"},{"dataType":"ValueEntry","value":"{\"_name\":\"appResOpt\",\"_value\":\"{\\\"app\\\":{\\\"bundleName\\\":\\\"com.ay.wealth\\\",\\\"vendor\\\":\\\"example\\\",\\\"versionCode\\\":1000000,\\\"versionName\\\":\\\"1.0.0\\\",\\\"icon\\\":\\\"$media:app_icon\\\",\\\"label\\\":\\\"$string:app_name\\\"}}\",\"_valueType\":\"string\",\"_hash\":\"c54f2b7b54492dfe8a531ae4823ce562\"}"},{"dataType":"ValueEntry","value":"{\"_name\":\"compatibleSdkVersion\",\"_value\":12,\"_valueType\":\"number\",\"_hash\":\"3c48b1937556f5c7e1ff0b2e0af0184f\"}"},{"dataType":"ValueEntry","value":"{\"_name\":\"compileSdkVersion\",\"_value\":20,\"_valueType\":\"number\",\"_hash\":\"8402c244c223021fb2d8c8d45800f0df\"}"},{"dataType":"ValueEntry","value":"{\"_name\":\"deviceTypes\",\"_value\":[\"phone\",\"tablet\"],\"_valueType\":\"object\",\"_hash\":\"c166d88837153e59136adb6a4b649962\"}"},{"dataType":"ValueEntry","value":"{\"_name\":\"integratedHsp\",\"_value\":false,\"_valueType\":\"boolean\",\"_hash\":\"e67900c25b1f9fb70cc779de77dc6912\"}"},{"dataType":"ValueEntry","value":"{\"_name\":\"moduleJsonOpt\",\"_value\":\"{\\\"module\\\":{\\\"name\\\":\\\"entry\\\",\\\"type\\\":\\\"entry\\\",\\\"description\\\":\\\"$string:entry_desc\\\",\\\"mainElement\\\":\\\"entryAbility\\\",\\\"deviceTypes\\\":[\\\"phone\\\",\\\"tablet\\\"],\\\"deliveryWithInstall\\\":true,\\\"pages\\\":\\\"$profile:main_pages\\\",\\\"abilities\\\":[{\\\"name\\\":\\\"EntryAbility\\\",\\\"srcEntry\\\":\\\"./ets/entryability/EntryAbility.ets\\\",\\\"description\\\":\\\"$string:MainAbility_desc\\\",\\\"icon\\\":\\\"$media:avatar\\\",\\\"label\\\":\\\"$string:MainAbility_label\\\",\\\"startWindowIcon\\\":\\\"$media:icon\\\",\\\"startWindowBackground\\\":\\\"$color:white\\\",\\\"exported\\\":true,\\\"skills\\\":[{\\\"entities\\\":[\\\"entity.system.home\\\"],\\\"actions\\\":[\\\"action.system.home\\\"]}]}],\\\"requestPermissions\\\":[{\\\"name\\\":\\\"ohos.permission.INTERNET\\\"}]}}\",\"_valueType\":\"string\",\"_hash\":\"e85a908929e2d631a0ed8ec272c7de21\"}"},{"dataType":"ValueEntry","value":"{\"_name\":\"projectConfigAppOpt\",\"_valueType\":\"undefined\",\"_hash\":\"b52997704fa206ed96a13a1f2e464a85\"}"},{"dataType":"ValueEntry","value":"{\"_name\":\"releaseType\",\"_value\":\"Release\",\"_valueType\":\"string\",\"_hash\":\"bbcabdda034e97584f8c36f85b3ec517\"}"}],"_successful":true,"_projectName":"Account-main","_moduleName":"entry","_taskName":"default@MakePackInfo","_key":":Account-main:entry:default@MakePackInfo","_executionId":":Account-main:entry:default@MakePackInfo:1766908890202","_inputFiles":{"dataType":"Map","value":[["C:\\Users\\Alisa\\Desktop\\ayyyyy\\Account-main\\AppScope\\app.json5",{"fileSnapShotHashValue":"d2f873fca2ce806c5db03ed613a803c3"}],["C:\\Users\\Alisa\\Desktop\\ayyyyy\\Account-main\\entry\\src\\main\\module.json5",{"fileSnapShotHashValue":"8268d6e40b4dfee5b49f7937abbdd319"}],["C:\\Users\\Alisa\\Desktop\\ayyyyy\\Account-main\\build-profile.json5",{"fileSnapShotHashValue":"251f8efbbd7971dbab19b198dcd7f4c7"}]]},"_outputFiles":{"dataType":"Map","value":[["C:\\Users\\Alisa\\Desktop\\ayyyyy\\Account-main\\entry\\build\\default\\outputs\\default\\pack.info",{"fileSnapShotHashValue":"4e1773692eeceadb898ffe6828328926"}]]}},":Account-main:entry:default@SyscapTransform":{"_inputs":[{"dataType":"ValueEntry","value":"{\"_name\":\"deviceTypes\",\"_value\":[\"phone\",\"tablet\"],\"_valueType\":\"object\"}"},{"dataType":"ValueEntry","value":"{\"_name\":\"BUILTIN_TASK_COMMAND\",\"_value\":\"\",\"_valueType\":\"string\"}"},{"dataType":"ValueEntry","value":"{\"_name\":\"BUILTIN_TASK_TOOLCHAIN\",\"_value\":\"\",\"_valueType\":\"string\"}"},{"dataType":"ValueEntry","value":"{\"_name\":\"BUILTIN_TASK_ENV\",\"_value\":\"\",\"_valueType\":\"string\"}"}],"_successful":true,"_projectName":"Account-main","_moduleName":"entry","_taskName":"default@SyscapTransform","_key":":Account-main:entry:default@SyscapTransform","_executionId":":Account-main:entry:default@SyscapTransform:1766910967335","_inputFiles":{"dataType":"Map","value":[["D:\\HM\\devecostudio-windows-6.0.0.858\\DevEco Studio\\sdk\\default\\openharmony\\toolchains\\syscap_tool.exe",{"fileSnapShotHashValue":"3fb8d99f5e0d61a40191fc2447771e42"}],["D:\\HM\\devecostudio-windows-6.0.0.858\\DevEco Studio\\sdk\\default\\openharmony\\ets\\api\\device-define",{"fileSnapShotHashValue":"8f70ea051743aca6acd14efd85ff721a"}]]},"_outputFiles":{"dataType":"Map","value":[["C:\\Users\\Alisa\\Desktop\\ayyyyy\\Account-main\\entry\\build\\default\\intermediates\\syscap\\default\\rpcid.sc",{"fileSnapShotHashValue":""}]]}},":Account-main:entry:default@ProcessProfile":{"_inputs":[{"dataType":"ValueEntry","value":"{\"_name\":\"BUILTIN_TASK_COMMAND\",\"_value\":\"\",\"_valueType\":\"string\",\"_hash\":\"0b5d05294fdf4e78e8482ef53eb64ac0\"}"},{"dataType":"ValueEntry","value":"{\"_name\":\"BUILTIN_TASK_ENV\",\"_value\":\"\",\"_valueType\":\"string\",\"_hash\":\"cdcdc2ec8062ca9ec1de46dbf2bbc053\"}"},{"dataType":"ValueEntry","value":"{\"_name\":\"BUILTIN_TASK_TOOLCHAIN\",\"_value\":\"\",\"_valueType\":\"string\",\"_hash\":\"e7f94a9422a8bc317a7d90b58efcb5f6\"}"},{"dataType":"ValueEntry","value":"{\"_name\":\"arkEnable\",\"_value\":true,\"_valueType\":\"boolean\",\"_hash\":\"750b4bda198545a67903dfb3f6a00a95\"}"},{"dataType":"ValueEntry","value":"{\"_name\":\"compatibleSdkVersionStage\",\"_value\":\"beta1\",\"_valueType\":\"string\",\"_hash\":\"e588408901fe47899eadeda64a5c41fb\"}"},{"dataType":"ValueEntry","value":"{\"_name\":\"compileMode\",\"_value\":\"esmodule\",\"_valueType\":\"string\",\"_hash\":\"dacafc8e0b77a950178a0b4d142dc32c\"}"},{"dataType":"ValueEntry","value":"{\"_name\":\"dependency\",\"_value\":\"[]\",\"_valueType\":\"string\",\"_hash\":\"ac54f3d4ced2d4c1d666d40e4f7c454a\"}"},{"dataType":"ValueEntry","value":"{\"_name\":\"deviceTypes\",\"_value\":[\"phone\",\"tablet\"],\"_valueType\":\"object\",\"_hash\":\"c166d88837153e59136adb6a4b649962\"}"},{"dataType":"ValueEntry","value":"{\"_name\":\"harExcludeHSPDependencies\",\"_valueType\":\"undefined\",\"_hash\":\"441c7ca15ef24eb05ff0b3f48a2c455e\"}"},{"dataType":"ValueEntry","value":"{\"_name\":\"isFakeUIAbilityExists\",\"_value\":false,\"_valueType\":\"boolean\",\"_hash\":\"17a053bce14a09e4bbe9c64ecbac9f28\"}"}],"_successful":true,"_projectName":"Account-main","_moduleName":"entry","_taskName":"default@ProcessProfile","_key":":Account-main:entry:default@ProcessProfile","_executionId":":Account-main:entry:default@ProcessProfile:1766908890225","_inputFiles":{"dataType":"Map","value":[["C:\\Users\\Alisa\\Desktop\\ayyyyy\\Account-main\\entry\\build\\default\\intermediates\\merge_profile\\default\\module.json",{"fileSnapShotHashValue":"3641aa6a9604c541f796b2d382030cd6"}]]},"_outputFiles":{"dataType":"Map","value":[["C:\\Users\\Alisa\\Desktop\\ayyyyy\\Account-main\\entry\\build\\default\\intermediates\\process_profile\\default\\module.json",{"fileSnapShotHashValue":"347f2bd10feac1fd2f348c495174a2da"}]]}},":Account-main:entry:default@ProcessRouterMap":{"_inputs":[{"dataType":"ValueEntry","value":"{\"_name\":\"BUILTIN_TASK_COMMAND\",\"_value\":\"\",\"_valueType\":\"string\",\"_hash\":\"0b5d05294fdf4e78e8482ef53eb64ac0\"}"},{"dataType":"ValueEntry","value":"{\"_name\":\"BUILTIN_TASK_ENV\",\"_value\":\"\",\"_valueType\":\"string\",\"_hash\":\"cdcdc2ec8062ca9ec1de46dbf2bbc053\"}"},{"dataType":"ValueEntry","value":"{\"_name\":\"BUILTIN_TASK_TOOLCHAIN\",\"_value\":\"\",\"_valueType\":\"string\",\"_hash\":\"e7f94a9422a8bc317a7d90b58efcb5f6\"}"},{"dataType":"ValueEntry","value":"{\"_name\":\"byteCodeHar\",\"_value\":false,\"_valueType\":\"boolean\",\"_hash\":\"1918a3ccb645ccacd0aedd84fc6cf8a4\"}"},{"dataType":"ValueEntry","value":"{\"_name\":\"obfuscated\",\"_value\":true,\"_valueType\":\"boolean\",\"_hash\":\"a69c27b9cf01a6710d3662cfe180239f\"}"},{"dataType":"ValueEntry","value":"{\"_name\":\"useNormalizedOHMUrl\",\"_value\":true,\"_valueType\":\"boolean\",\"_hash\":\"05eabcf12e6fe230e579e0fd37679db6\"}"}],"_successful":true,"_projectName":"Account-main","_moduleName":"entry","_taskName":"default@ProcessRouterMap","_key":":Account-main:entry:default@ProcessRouterMap","_executionId":":Account-main:entry:default@ProcessRouterMap:1766908891655","_inputFiles":{"dataType":"Map","value":[["C:\\Users\\Alisa\\Desktop\\ayyyyy\\Account-main\\entry\\oh-package.json5",{"fileSnapShotHashValue":"33160b8e98cdbab9ff0f728f31929c11"}],["C:\\Users\\Alisa\\Desktop\\ayyyyy\\Account-main\\oh-package.json5",{"fileSnapShotHashValue":"4450f315859dcf567bf98688bf508923"}],["C:\\Users\\Alisa\\Desktop\\ayyyyy\\Account-main\\entry\\src\\main\\module.json5",{"fileSnapShotHashValue":"8268d6e40b4dfee5b49f7937abbdd319"}],["C:\\Users\\Alisa\\Desktop\\ayyyyy\\Account-main\\entry\\build\\default\\intermediates\\loader\\default\\pkgContextInfo.json",{"fileSnapShotHashValue":"5a79781d3a0b9ce23045c0ce96c502f2"}]]},"_outputFiles":{"dataType":"Map","value":[["C:\\Users\\Alisa\\Desktop\\ayyyyy\\Account-main\\entry\\build\\default\\intermediates\\router_map\\default\\temp-router-map.json",{"fileSnapShotHashValue":"1598091d96bf48a0260694f11add1f45"}],["C:\\Users\\Alisa\\Desktop\\ayyyyy\\Account-main\\entry\\build\\default\\intermediates\\router_map\\default\\loader-router-map.json",{"fileSnapShotHashValue":"7014e00b76481c0692efd2f89e5d0677"}]]}},":Account-main:entry:default@ProcessShareConfig":{"_inputs":[{"dataType":"ValueEntry","value":"{\"_name\":\"BUILTIN_TASK_COMMAND\",\"_value\":\"\",\"_valueType\":\"string\",\"_hash\":\"0b5d05294fdf4e78e8482ef53eb64ac0\"}"},{"dataType":"ValueEntry","value":"{\"_name\":\"BUILTIN_TASK_ENV\",\"_value\":\"\",\"_valueType\":\"string\",\"_hash\":\"cdcdc2ec8062ca9ec1de46dbf2bbc053\"}"},{"dataType":"ValueEntry","value":"{\"_name\":\"BUILTIN_TASK_TOOLCHAIN\",\"_value\":\"\",\"_valueType\":\"string\",\"_hash\":\"e7f94a9422a8bc317a7d90b58efcb5f6\"}"}],"_successful":true,"_projectName":"Account-main","_moduleName":"entry","_taskName":"default@ProcessShareConfig","_key":":Account-main:entry:default@ProcessShareConfig","_executionId":":Account-main:entry:default@ProcessShareConfig:1766908891674","_inputFiles":{"dataType":"Map","value":[["C:\\Users\\Alisa\\Desktop\\ayyyyy\\Account-main\\entry\\oh-package.json5",{"fileSnapShotHashValue":"33160b8e98cdbab9ff0f728f31929c11"}],["C:\\Users\\Alisa\\Desktop\\ayyyyy\\Account-main\\oh-package.json5",{"fileSnapShotHashValue":"4450f315859dcf567bf98688bf508923"}],["C:\\Users\\Alisa\\Desktop\\ayyyyy\\Account-main\\entry\\src\\main\\module.json5",{"fileSnapShotHashValue":"8268d6e40b4dfee5b49f7937abbdd319"}],["C:\\Users\\Alisa\\Desktop\\ayyyyy\\Account-main\\entry\\build\\default\\intermediates\\loader\\default\\pkgContextInfo.json",{"fileSnapShotHashValue":"5a79781d3a0b9ce23045c0ce96c502f2"}]]},"_outputFiles":{"dataType":"Map","value":[["C:\\Users\\Alisa\\Desktop\\ayyyyy\\Account-main\\entry\\build\\default\\intermediates\\share_config\\default\\temp-share-config.json",{"fileSnapShotHashValue":"c397743e82cee1f5b627a2ab292e41d1"}]]}},":Account-main:entry:default@ProcessStartupConfig":{"_inputs":[{"dataType":"ValueEntry","value":"{\"_name\":\"appStartupFileName\",\"_value\":\"\",\"_valueType\":\"string\"}"},{"dataType":"ValueEntry","value":"{\"_name\":\"useNormalizedOHMUrl\",\"_value\":true,\"_valueType\":\"boolean\"}"},{"dataType":"ValueEntry","value":"{\"_name\":\"shouldCollectPreloadSystemSo\",\"_value\":false,\"_valueType\":\"boolean\"}"},{"dataType":"ValueEntry","value":"{\"_name\":\"BUILTIN_TASK_COMMAND\",\"_value\":\"\",\"_valueType\":\"string\"}"},{"dataType":"ValueEntry","value":"{\"_name\":\"BUILTIN_TASK_TOOLCHAIN\",\"_value\":\"\",\"_valueType\":\"string\"}"},{"dataType":"ValueEntry","value":"{\"_name\":\"BUILTIN_TASK_ENV\",\"_value\":\"\",\"_valueType\":\"string\"}"}],"_successful":true,"_projectName":"Account-main","_moduleName":"entry","_taskName":"default@ProcessStartupConfig","_key":":Account-main:entry:default@ProcessStartupConfig","_executionId":":Account-main:entry:default@ProcessStartupConfig:1766910967354","_inputFiles":{"dataType":"Map","value":[["C:\\Users\\Alisa\\Desktop\\ayyyyy\\Account-main\\entry\\build\\default\\intermediates\\loader\\default\\pkgContextInfo.json",{"fileSnapShotHashValue":"5a79781d3a0b9ce23045c0ce96c502f2"}]]},"_outputFiles":{"dataType":"Map","value":[["C:\\Users\\Alisa\\Desktop\\ayyyyy\\Account-main\\entry\\build\\default\\intermediates\\startup\\default\\startup_config.json",{"fileSnapShotHashValue":""}]]}},":Account-main:entry:default@ProcessResource":{"_inputs":[{"dataType":"ValueEntry","value":"{\"_name\":\"BUILTIN_TASK_COMMAND\",\"_value\":\"\",\"_valueType\":\"string\",\"_hash\":\"0b5d05294fdf4e78e8482ef53eb64ac0\"}"},{"dataType":"ValueEntry","value":"{\"_name\":\"BUILTIN_TASK_ENV\",\"_value\":\"\",\"_valueType\":\"string\",\"_hash\":\"cdcdc2ec8062ca9ec1de46dbf2bbc053\"}"},{"dataType":"ValueEntry","value":"{\"_name\":\"BUILTIN_TASK_TOOLCHAIN\",\"_value\":\"\",\"_valueType\":\"string\",\"_hash\":\"e7f94a9422a8bc317a7d90b58efcb5f6\"}"},{"dataType":"ValueEntry","value":"{\"_name\":\"C:\\\\Users\\\\Alisa\\\\Desktop\\\\ayyyyy\\\\Account-main\\\\entry\\\\build\\\\default\\\\intermediates\\\\res\\\\default\\\\opt-compression.json\",\"_value\":\"{\\\"context\\\":{\\\"extensionPath\\\":\\\"D:\\\\\\\\HM\\\\\\\\devecostudio-windows-6.0.0.858\\\\\\\\DevEco Studio\\\\\\\\sdk\\\\\\\\default\\\\\\\\hms\\\\\\\\toolchains\\\\\\\\lib\\\\\\\\libimage_transcoder_shared.dll\\\"},\\\"compression\\\":{\\\"media\\\":{\\\"enable\\\":false},\\\"filters\\\":[]}}\",\"_valueType\":\"string\",\"_hash\":\"8061900d4487357f9e5598ca172deb8c\"}"},{"dataType":"ValueEntry","value":"{\"_name\":\"ignoreResourcePattern\",\"_value\":\"\",\"_valueType\":\"string\",\"_hash\":\"91136ea01258d75c095a4d97cb3ef218\"}"},{"dataType":"ValueEntry","value":"{\"_name\":\"includeAppScopeRes\",\"_value\":\"\",\"_valueType\":\"string\",\"_hash\":\"f7a63c7a6a8f0303e1c2b3b71d3b71d0\"}"},{"dataType":"ValueEntry","value":"{\"_name\":\"resConfigJsonContent\",\"_value\":\"{\\\"configPath\\\":\\\"C:\\\\\\\\Users\\\\\\\\Alisa\\\\\\\\Desktop\\\\\\\\ayyyyy\\\\\\\\Account-main\\\\\\\\entry\\\\\\\\build\\\\\\\\default\\\\\\\\intermediates\\\\\\\\process_profile\\\\\\\\default\\\\\\\\module.json\\\",\\\"packageName\\\":\\\"com.ay.wealth\\\",\\\"output\\\":\\\"C:\\\\\\\\Users\\\\\\\\Alisa\\\\\\\\Desktop\\\\\\\\ayyyyy\\\\\\\\Account-main\\\\\\\\entry\\\\\\\\build\\\\\\\\default\\\\\\\\intermediates\\\\\\\\res\\\\\\\\default\\\",\\\"moduleNames\\\":\\\"entry\\\",\\\"ResourceTable\\\":[\\\"C:\\\\\\\\Users\\\\\\\\Alisa\\\\\\\\Desktop\\\\\\\\ayyyyy\\\\\\\\Account-main\\\\\\\\entry\\\\\\\\build\\\\\\\\default\\\\\\\\generated\\\\\\\\r\\\\\\\\default\\\\\\\\ResourceTable.h\\\"],\\\"applicationResource\\\":\\\"C:\\\\\\\\Users\\\\\\\\Alisa\\\\\\\\Desktop\\\\\\\\ayyyyy\\\\\\\\Account-main\\\\\\\\AppScope\\\\\\\\resources\\\",\\\"moduleResources\\\":[\\\"C:\\\\\\\\Users\\\\\\\\Alisa\\\\\\\\Desktop\\\\\\\\ayyyyy\\\\\\\\Account-main\\\\\\\\entry\\\\\\\\src\\\\\\\\main\\\\\\\\resources\\\"],\\\"dependencies\\\":[\\\"C:\\\\\\\\Users\\\\\\\\Alisa\\\\\\\\Desktop\\\\\\\\ayyyyy\\\\\\\\Account-main\\\\\\\\oh_modules\\\\\\\\.ohpm\\\\\\\\@ohos+mpchart@3.0.15\\\\\\\\oh_modules\\\\\\\\@ohos\\\\\\\\mpchart\\\\\\\\src\\\\\\\\main\\\\\\\\resources\\\",\\\"C:\\\\\\\\Users\\\\\\\\Alisa\\\\\\\\Desktop\\\\\\\\ayyyyy\\\\\\\\Account-main\\\\\\\\oh_modules\\\\\\\\.ohpm\\\\\\\\@hw-agconnect+auth@1.0.5\\\\\\\\oh_modules\\\\\\\\@hw-agconnect\\\\\\\\auth\\\\\\\\src\\\\\\\\main\\\\\\\\resources\\\",\\\"C:\\\\\\\\Users\\\\\\\\Alisa\\\\\\\\Desktop\\\\\\\\ayyyyy\\\\\\\\Account-main\\\\\\\\entry\\\\\\\\build\\\\\\\\default\\\\\\\\intermediates\\\\\\\\res\\\\\\\\default\\\\\\\\resource_str\\\"],\\\"iconCheck\\\":true,\\\"ids\\\":\\\"C:\\\\\\\\Users\\\\\\\\Alisa\\\\\\\\Desktop\\\\\\\\ayyyyy\\\\\\\\Account-main\\\\\\\\entry\\\\\\\\build\\\\\\\\default\\\\\\\\intermediates\\\\\\\\res\\\\\\\\default\\\\\\\\ids_map\\\",\\\"definedIds\\\":\\\"C:\\\\\\\\Users\\\\\\\\Alisa\\\\\\\\Desktop\\\\\\\\ayyyyy\\\\\\\\Account-main\\\\\\\\entry\\\\\\\\build\\\\\\\\default\\\\\\\\intermediates\\\\\\\\res\\\\\\\\default\\\\\\\\ids_map\\\\\\\\id_defined.json\\\",\\\"definedSysIds\\\":\\\"D:\\\\\\\\HM\\\\\\\\devecostudio-windows-6.0.0.858\\\\\\\\DevEco Studio\\\\\\\\sdk\\\\\\\\default\\\\\\\\hms\\\\\\\\toolchains\\\\\\\\id_defined.json\\\"}\",\"_valueType\":\"string\",\"_hash\":\"6f21538acb6e9b119849d44d6da9f1a6\"}"},{"dataType":"ValueEntry","value":"{\"_name\":\"resource_str\",\"_value\":true,\"_valueType\":\"boolean\",\"_hash\":\"8aa4bd39dba847d9f04b489e798dfdde\"}"}],"_successful":true,"_projectName":"Account-main","_moduleName":"entry","_taskName":"default@ProcessResource","_key":":Account-main:entry:default@ProcessResource","_executionId":":Account-main:entry:default@ProcessResource:1766908891737","_inputFiles":{"dataType":"Map","value":[]},"_outputFiles":{"dataType":"Map","value":[["C:\\Users\\Alisa\\Desktop\\ayyyyy\\Account-main\\entry\\build\\default\\intermediates\\res\\default\\resConfig.json",{"isDirectory":false,"fileSnapShotHashValue":"a79609adfffd9ca6cf2a9960ee7f4993"}],["C:\\Users\\Alisa\\Desktop\\ayyyyy\\Account-main\\entry\\build\\default\\intermediates\\res\\default\\opt-compression.json",{"isDirectory":false,"fileSnapShotHashValue":"4484980139ec9a1253b018a84a35ee87"}]]}},":Account-main:entry:default@GenerateLoaderJson":{"_inputs":[{"dataType":"ValueEntry","value":"{\"_name\":\"BUILTIN_TASK_COMMAND\",\"_value\":\"\",\"_valueType\":\"string\",\"_hash\":\"0b5d05294fdf4e78e8482ef53eb64ac0\"}"},{"dataType":"ValueEntry","value":"{\"_name\":\"BUILTIN_TASK_ENV\",\"_value\":\"\",\"_valueType\":\"string\",\"_hash\":\"cdcdc2ec8062ca9ec1de46dbf2bbc053\"}"},{"dataType":"ValueEntry","value":"{\"_name\":\"BUILTIN_TASK_TOOLCHAIN\",\"_value\":\"\",\"_valueType\":\"string\",\"_hash\":\"e7f94a9422a8bc317a7d90b58efcb5f6\"}"},{"dataType":"ValueEntry","value":"{\"_name\":\"anBuildMode\",\"_value\":\"type\",\"_valueType\":\"string\",\"_hash\":\"de241a1eec94a2a622ff1c89f32846a2\"}"},{"dataType":"ValueEntry","value":"{\"_name\":\"apPath\",\"_value\":\"C:\\\\Users\\\\Alisa\\\\Desktop\\\\ayyyyy\\\\Account-main\\\\entry\\\\modules.ap\",\"_valueType\":\"string\",\"_hash\":\"9b568d252f6eae6eabd66a9c4cf30905\"}"},{"dataType":"ValueEntry","value":"{\"_name\":\"appStartupFileName\",\"_value\":\"\",\"_valueType\":\"string\",\"_hash\":\"87d81fdb1c6249048cc0cae16c042f58\"}"},{"dataType":"ValueEntry","value":"{\"_name\":\"compatibleApiVersion\",\"_value\":12,\"_valueType\":\"number\",\"_hash\":\"b8c1ba3ecddcd8b1be17325fb873c8bc\"}"},{"dataType":"ValueEntry","value":"{\"_name\":\"compileApiVersion\",\"_value\":20,\"_valueType\":\"number\",\"_hash\":\"14d339ae8698188bb8a099fa02a008be\"}"},{"dataType":"ValueEntry","value":"{\"_name\":\"compileMode\",\"_value\":\"esmodule\",\"_valueType\":\"string\",\"_hash\":\"dacafc8e0b77a950178a0b4d142dc32c\"}"},{"dataType":"ValueEntry","value":"{\"_name\":\"dependencyModuleAbility\",\"_valueType\":\"undefined\",\"_hash\":\"3fd1daff9f22581e3cadc0099d1d2fa3\"}"},{"dataType":"ValueEntry","value":"{\"_name\":\"fallbackAnBuild\",\"_value\":false,\"_valueType\":\"boolean\",\"_hash\":\"a63e98bb3f368ced6ed4d5579ea7ca39\"}"},{"dataType":"ValueEntry","value":"{\"_name\":\"harNameOhmMap\",\"_value\":\"{}\",\"_valueType\":\"string\",\"_hash\":\"0faf006bccbcdc2c7f04ff2d8c87894f\"}"},{"dataType":"ValueEntry","value":"{\"_name\":\"hspNameOhmMap\",\"_value\":\"{}\",\"_valueType\":\"string\",\"_hash\":\"0e2d87e0c1ed279c66bc3efb8683e5d1\"}"},{"dataType":"ValueEntry","value":"{\"_name\":\"isBundledDependencies\",\"_value\":false,\"_valueType\":\"boolean\",\"_hash\":\"a69aa552317c7a6e087cb84a5722e050\"}"},{"dataType":"ValueEntry","value":"{\"_name\":\"isByteCodeHar\",\"_value\":false,\"_valueType\":\"boolean\",\"_hash\":\"c5f9b9e5cabee4253d52d0d01ca64ba2\"}"},{"dataType":"ValueEntry","value":"{\"_name\":\"isByteCodeHarOptimize\",\"_value\":false,\"_valueType\":\"boolean\",\"_hash\":\"8bead8cfc37204aef1ea61b5629a86a7\"}"},{"dataType":"ValueEntry","value":"{\"_name\":\"isFullCompilationEnabled\",\"_value\":true,\"_valueType\":\"boolean\",\"_hash\":\"98b683d049e4e7fc32ef1be5321fe0b6\"}"},{"dataType":"ValueEntry","value":"{\"_name\":\"isHarWithCoverage\",\"_value\":false,\"_valueType\":\"boolean\",\"_hash\":\"7224a86bd9c5f83cb9a1a61584afcfb4\"}"},{"dataType":"ValueEntry","value":"{\"_name\":\"isOhosTest\",\"_value\":false,\"_valueType\":\"boolean\",\"_hash\":\"d82a43074b4d7726f9a69dbce1ae80d2\"}"},{"dataType":"ValueEntry","value":"{\"_name\":\"modulePathMap\",\"_value\":\"{\\\"entry\\\":\\\"C:\\\\\\\\Users\\\\\\\\Alisa\\\\\\\\Desktop\\\\\\\\ayyyyy\\\\\\\\Account-main\\\\\\\\entry\\\"}\",\"_valueType\":\"string\",\"_hash\":\"e92dd3eec95eeb2baa5b58fa4ce57384\"}"},{"dataType":"ValueEntry","value":"{\"_name\":\"module_dependencies\",\"_value\":\"{\\\"@ohos/mpchart\\\":\\\"^3.0.15\\\",\\\"@hw-agconnect/auth\\\":\\\"^1.0.5\\\"}\",\"_valueType\":\"string\",\"_hash\":\"0d00478024486bc16fe7bfa9f5406110\"}"},{"dataType":"ValueEntry","value":"{\"_name\":\"needSubmitArkTsWidget\",\"_value\":false,\"_valueType\":\"boolean\",\"_hash\":\"dc1ab65720a503a3d9098eab280b7116\"}"},{"dataType":"ValueEntry","value":"{\"_name\":\"nodeModulesPath\",\"_value\":\"C:\\\\Users\\\\Alisa\\\\Desktop\\\\ayyyyy\\\\Account-main\\\\entry\\\\build\\\\default\\\\intermediates\\\\loader_out\\\\default\\\\node_modules\",\"_valueType\":\"string\",\"_hash\":\"fe3ecd41397260626299193a504caad3\"}"},{"dataType":"ValueEntry","value":"{\"_name\":\"overrides\",\"_valueType\":\"undefined\",\"_hash\":\"0e8f66f8eb79c6f33fb153c3fc3942f4\"}"},{"dataType":"ValueEntry","value":"{\"_name\":\"patchConfig\",\"_value\":\"{\\\"changedFileList\\\":\\\"C:\\\\\\\\Users\\\\\\\\Alisa\\\\\\\\Desktop\\\\\\\\ayyyyy\\\\\\\\Account-main\\\\\\\\entry\\\\\\\\build\\\\\\\\default\\\\\\\\intermediates\\\\\\\\patch\\\\\\\\default\\\\\\\\changedFileList.json\\\"}\",\"_valueType\":\"string\",\"_hash\":\"2fcd416e9086e4657d06393399e62258\"}"},{"dataType":"ValueEntry","value":"{\"_name\":\"projectRootPath\",\"_value\":\"C:\\\\Users\\\\Alisa\\\\Desktop\\\\ayyyyy\\\\Account-main\",\"_valueType\":\"string\",\"_hash\":\"9533a86ab12ca56b1274ed1c439ad900\"}"},{"dataType":"ValueEntry","value":"{\"_name\":\"project_dependencies\",\"_value\":\"{}\",\"_valueType\":\"string\",\"_hash\":\"e15496bf1de2273597f444f07f1ca6d5\"}"},{"dataType":"ValueEntry","value":"{\"_name\":\"shouldTreatHarAsHap\",\"_value\":false,\"_valueType\":\"boolean\",\"_hash\":\"24c9a48f68bd9cc73238825ca10c9629\"}"},{"dataType":"ValueEntry","value":"{\"_name\":\"targetConfig\",\"_value\":\"{\\\"name\\\":\\\"default\\\",\\\"runtimeOS\\\":\\\"HarmonyOS\\\"}\",\"_valueType\":\"string\",\"_hash\":\"96bcd83382fb082c731eedf7bc0cf1dc\"}"},{"dataType":"ValueEntry","value":"{\"_name\":\"useNormalizedOHMUrl\",\"_value\":true,\"_valueType\":\"boolean\",\"_hash\":\"05eabcf12e6fe230e579e0fd37679db6\"}"}],"_successful":true,"_projectName":"Account-main","_moduleName":"entry","_taskName":"default@GenerateLoaderJson","_key":":Account-main:entry:default@GenerateLoaderJson","_executionId":":Account-main:entry:default@GenerateLoaderJson:1766908891781","_inputFiles":{"dataType":"Map","value":[["C:\\Users\\Alisa\\Desktop\\ayyyyy\\Account-main\\entry\\build\\default\\intermediates\\loader\\default\\pkgContextInfo.json",{"fileSnapShotHashValue":"5a79781d3a0b9ce23045c0ce96c502f2"}],["C:\\Users\\Alisa\\Desktop\\ayyyyy\\Account-main\\entry\\build\\default\\intermediates\\router_map\\default\\temp-router-map.json",{"fileSnapShotHashValue":"1598091d96bf48a0260694f11add1f45"}],["C:\\Users\\Alisa\\Desktop\\ayyyyy\\Account-main\\oh_modules\\.ohpm\\@hw-agconnect+auth@1.0.5\\oh_modules\\@hw-agconnect\\auth\\ets\\modules.abc",{"isDirectory":false,"fileSnapShotHashValue":"d92c4b10cef70fc39a8317d71da82737"}]]},"_outputFiles":{"dataType":"Map","value":[["C:\\Users\\Alisa\\Desktop\\ayyyyy\\Account-main\\entry\\build\\default\\intermediates\\loader\\default\\loader.json",{"isDirectory":false,"fileSnapShotHashValue":"506458056381631554a5e3b1987bedb1"}]]}},":Account-main:entry:default@ProcessLibs":{"_inputs":[{"dataType":"ValueEntry","value":"{\"_name\":\"BUILTIN_TASK_COMMAND\",\"_value\":\"\",\"_valueType\":\"string\",\"_hash\":\"0b5d05294fdf4e78e8482ef53eb64ac0\"}"},{"dataType":"ValueEntry","value":"{\"_name\":\"BUILTIN_TASK_ENV\",\"_value\":\"\",\"_valueType\":\"string\",\"_hash\":\"cdcdc2ec8062ca9ec1de46dbf2bbc053\"}"},{"dataType":"ValueEntry","value":"{\"_name\":\"BUILTIN_TASK_TOOLCHAIN\",\"_value\":\"\",\"_valueType\":\"string\",\"_hash\":\"e7f94a9422a8bc317a7d90b58efcb5f6\"}"},{"dataType":"ValueEntry","value":"{\"_name\":\"excludeFromHar\",\"_value\":true,\"_valueType\":\"boolean\",\"_hash\":\"c33cbd85982f2e758a878e3aa30a9f01\"}"},{"dataType":"ValueEntry","value":"{\"_name\":\"isBundledDependencies\",\"_value\":false,\"_valueType\":\"boolean\",\"_hash\":\"a69aa552317c7a6e087cb84a5722e050\"}"},{"dataType":"ValueEntry","value":"{\"_name\":\"isByteCodeHar\",\"_value\":false,\"_valueType\":\"boolean\",\"_hash\":\"c5f9b9e5cabee4253d52d0d01ca64ba2\"}"}],"_successful":true,"_projectName":"Account-main","_moduleName":"entry","_taskName":"default@ProcessLibs","_key":":Account-main:entry:default@ProcessLibs","_executionId":":Account-main:entry:default@ProcessLibs:1766908891836","_inputFiles":{"dataType":"Map","value":[["C:\\Users\\Alisa\\Desktop\\ayyyyy\\Account-main\\oh_modules\\.ohpm\\@ohos+mpchart@3.0.15\\oh_modules\\@ohos\\mpchart\\libs",{"fileSnapShotHashValue":""}],["C:\\Users\\Alisa\\Desktop\\ayyyyy\\Account-main\\oh_modules\\.ohpm\\@hw-agconnect+auth@1.0.5\\oh_modules\\@hw-agconnect\\auth\\libs",{"fileSnapShotHashValue":""}],["C:\\Users\\Alisa\\Desktop\\ayyyyy\\Account-main\\build-profile.json5",{"fileSnapShotHashValue":"251f8efbbd7971dbab19b198dcd7f4c7"}],["C:\\Users\\Alisa\\Desktop\\ayyyyy\\Account-main\\entry\\build-profile.json5",{"fileSnapShotHashValue":"38c78f32f785ee0d03c36520d913a158"}]]},"_outputFiles":{"dataType":"Map","value":[["C:\\Users\\Alisa\\Desktop\\ayyyyy\\Account-main\\entry\\build\\default\\intermediates\\libs\\default",{"isDirectory":true,"fileSnapShotHashValue":""}]]}},":Account-main:entry:default@CompileResource":{"_inputs":[{"dataType":"ValueEntry","value":"{\"_name\":\"BUILTIN_TASK_COMMAND\",\"_value\":\"D:\\\\HM\\\\devecostudio-windows-6.0.0.858\\\\DevEco Studio\\\\sdk\\\\default\\\\openharmony\\\\toolchains\\\\restool.exe,-l,C:\\\\Users\\\\Alisa\\\\Desktop\\\\ayyyyy\\\\Account-main\\\\entry\\\\build\\\\default\\\\intermediates\\\\res\\\\default\\\\resConfig.json\",\"_valueType\":\"string\",\"_hash\":\"831a7417657d86f774c4a6e9deecf10a\"}"},{"dataType":"ValueEntry","value":"{\"_name\":\"BUILTIN_TASK_ENV\",\"_value\":\"\",\"_valueType\":\"string\",\"_hash\":\"cdcdc2ec8062ca9ec1de46dbf2bbc053\"}"},{"dataType":"ValueEntry","value":"{\"_name\":\"BUILTIN_TASK_TOOLCHAIN\",\"_value\":\"D:\\\\HM\\\\devecostudio-windows-6.0.0.858\\\\DevEco Studio\\\\sdk\\\\default\\\\openharmony\\\\toolchains\\\\restool.exe\",\"_valueType\":\"string\",\"_hash\":\"43ab9b6252da67425c55e74cffde539a\"}"},{"dataType":"ValueEntry","value":"{\"_name\":\"TARGET_CONFIG\",\"_value\":\"{\\\"name\\\":\\\"default\\\",\\\"runtimeOS\\\":\\\"HarmonyOS\\\"}\",\"_valueType\":\"string\",\"_hash\":\"d1734598343a94c88ec5404fdcdfa944\"}"},{"dataType":"ValueEntry","value":"{\"_name\":\"useNormalizedOHMUrl\",\"_value\":true,\"_valueType\":\"boolean\",\"_hash\":\"05eabcf12e6fe230e579e0fd37679db6\"}"}],"_successful":true,"_projectName":"Account-main","_moduleName":"entry","_taskName":"default@CompileResource","_key":":Account-main:entry:default@CompileResource","_executionId":":Account-main:entry:default@CompileResource:1766910831675","_inputFiles":{"dataType":"Map","value":[["C:\\Users\\Alisa\\Desktop\\ayyyyy\\Account-main\\entry\\src\\main\\resources",{"fileSnapShotHashValue":"122b5807055385f2aea33956f96b4de9"}],["C:\\Users\\Alisa\\Desktop\\ayyyyy\\Account-main\\oh_modules\\.ohpm\\@ohos+mpchart@3.0.15\\oh_modules\\@ohos\\mpchart\\src\\main\\resources",{"fileSnapShotHashValue":"7e251bf6ae67858f7f9eac366cf36910"}],["C:\\Users\\Alisa\\Desktop\\ayyyyy\\Account-main\\oh_modules\\.ohpm\\@hw-agconnect+auth@1.0.5\\oh_modules\\@hw-agconnect\\auth\\src\\main\\resources",{"fileSnapShotHashValue":"a4a79b89008d4e5358c0a74ee8f0ee3f"}],["C:\\Users\\Alisa\\Desktop\\ayyyyy\\Account-main\\entry\\build\\default\\intermediates\\res\\default\\resource_str",{"fileSnapShotHashValue":"1685dacd0d23648af3ce3938a9eefdac"}],["C:\\Users\\Alisa\\Desktop\\ayyyyy\\Account-main\\AppScope\\resources",{"fileSnapShotHashValue":"2ffed02e554b9f16aea7cbe0c390b93e"}],["C:\\Users\\Alisa\\Desktop\\ayyyyy\\Account-main\\entry\\build\\default\\intermediates\\process_profile\\default\\module.json",{"isDirectory":false,"fileSnapShotHashValue":"347f2bd10feac1fd2f348c495174a2da"}],["C:\\Users\\Alisa\\Desktop\\ayyyyy\\Account-main\\entry\\build\\default\\intermediates\\res\\default\\resConfig.json",{"isDirectory":false,"fileSnapShotHashValue":"a79609adfffd9ca6cf2a9960ee7f4993"}]]},"_outputFiles":{"dataType":"Map","value":[["C:\\Users\\Alisa\\Desktop\\ayyyyy\\Account-main\\entry\\build\\default\\intermediates\\res\\default",{"isDirectory":true,"fileSnapShotHashValue":"17df21325e4608aa509cb3e4beced666"}],["C:\\Users\\Alisa\\Desktop\\ayyyyy\\Account-main\\entry\\build\\default\\generated\\r\\default\\ResourceTable.h",{"isDirectory":false,"fileSnapShotHashValue":"1d1c2af8a4e1123200d56a2cf4d22caf"}],["C:\\Users\\Alisa\\Desktop\\ayyyyy\\Account-main\\entry\\build\\default\\generated\\r\\default",{"isDirectory":true,"fileSnapShotHashValue":"3b5ab7e7e524954d4363c83ad30a6640"}]]}},":Account-main:entry:default@DoNativeStrip":{"_inputs":[{"dataType":"ValueEntry","value":"{\"_name\":\"BUILTIN_TASK_COMMAND\",\"_value\":\"\",\"_valueType\":\"string\",\"_hash\":\"0b5d05294fdf4e78e8482ef53eb64ac0\"}"},{"dataType":"ValueEntry","value":"{\"_name\":\"BUILTIN_TASK_ENV\",\"_value\":\"\",\"_valueType\":\"string\",\"_hash\":\"cdcdc2ec8062ca9ec1de46dbf2bbc053\"}"},{"dataType":"ValueEntry","value":"{\"_name\":\"BUILTIN_TASK_TOOLCHAIN\",\"_value\":\"\",\"_valueType\":\"string\",\"_hash\":\"e7f94a9422a8bc317a7d90b58efcb5f6\"}"},{"dataType":"ValueEntry","value":"{\"_name\":\"debugSymbol\",\"_value\":\"\",\"_valueType\":\"string\",\"_hash\":\"055eeab6818b3f1a4978705cfba272fa\"}"}],"_successful":true,"_projectName":"Account-main","_moduleName":"entry","_taskName":"default@DoNativeStrip","_key":":Account-main:entry:default@DoNativeStrip","_executionId":":Account-main:entry:default@DoNativeStrip:1766908894104","_inputFiles":{"dataType":"Map","value":[["C:\\Users\\Alisa\\Desktop\\ayyyyy\\Account-main\\entry\\build\\default\\intermediates\\libs\\default",{"isDirectory":true,"fileSnapShotHashValue":""}]]},"_outputFiles":{"dataType":"Map","value":[["C:\\Users\\Alisa\\Desktop\\ayyyyy\\Account-main\\entry\\build\\default\\intermediates\\stripped_native_libs\\default",{"isDirectory":true,"fileSnapShotHashValue":""}]]}},":Account-main:entry:default@CompileArkTS":{"_inputs":[{"dataType":"ValueEntry","value":"{\"_name\":\"debuggable\",\"_value\":true,\"_valueType\":\"boolean\"}"},{"dataType":"ValueEntry","value":"{\"_name\":\"isArk\",\"_value\":true,\"_valueType\":\"boolean\"}"},{"dataType":"ValueEntry","value":"{\"_name\":\"needCoverageInsert\",\"_value\":false,\"_valueType\":\"boolean\"}"},{"dataType":"ValueEntry","value":"{\"_name\":\"ark.tsImportSendable\",\"_value\":false,\"_valueType\":\"boolean\"}"},{"dataType":"ValueEntry","value":"{\"_name\":\"customTypes\",\"_value\":[],\"_valueType\":\"object\"}"},{"dataType":"ValueEntry","value":"{\"_name\":\"isByteCodeHarOptimize\",\"_value\":false,\"_valueType\":\"boolean\"}"},{"dataType":"ValueEntry","value":"{\"_name\":\"@ohos/mpchart\",\"_value\":\"@ohos/mpchart: ^3.0.15\",\"_valueType\":\"string\"}"},{"dataType":"ValueEntry","value":"{\"_name\":\"@hw-agconnect/auth\",\"_value\":\"@hw-agconnect/auth: ^1.0.5\",\"_valueType\":\"string\"}"},{"dataType":"ValueEntry","value":"{\"_name\":\"caseSensitiveCheck\",\"_value\":false,\"_valueType\":\"boolean\"}"},{"dataType":"ValueEntry","value":"{\"_name\":\"useNormalizedOHMUrl\",\"_value\":true,\"_valueType\":\"boolean\"}"},{"dataType":"ValueEntry","value":"{\"_name\":\"transformLib\",\"_value\":\"\",\"_valueType\":\"string\"}"},{"dataType":"ValueEntry","value":"{\"_name\":\"compatibleSdkVersionStage\",\"_value\":\"beta1\",\"_valueType\":\"string\"}"},{"dataType":"ValueEntry","value":"{\"_name\":\"skipOhModulesLint\",\"_value\":false,\"_valueType\":\"boolean\"}"},{"dataType":"ValueEntry","value":"{\"_name\":\"autoLazyImport\",\"_value\":false,\"_valueType\":\"boolean\"}"},{"dataType":"ValueEntry","value":"{\"_name\":\"allowEmptyBundleName\",\"_value\":false,\"_valueType\":\"boolean\"}"},{"dataType":"ValueEntry","value":"{\"_name\":\"reExportCheckMode\",\"_value\":\"noCheck\",\"_valueType\":\"string\"}"},{"dataType":"ValueEntry","value":"{\"_name\":\"executionMode\",\"_value\":\"memory\",\"_valueType\":\"string\"}"},{"dataType":"ValueEntry","value":"{\"_name\":\"usePathPlaceholder\",\"_value\":false,\"_valueType\":\"boolean\"}"},{"dataType":"ValueEntry","value":"{\"_name\":\"writeRollupCache\",\"_value\":true,\"_valueType\":\"boolean\"}"},{"dataType":"ValueEntry","value":"{\"_name\":\"isExpandImportEnabled\",\"_value\":false,\"_valueType\":\"boolean\"}"},{"dataType":"ValueEntry","value":"{\"_name\":\"expandImportExclude\",\"_value\":\"\",\"_valueType\":\"string\"}"},{"dataType":"ValueEntry","value":"{\"_name\":\"ignoreCrossplatformCheck\",\"_value\":false,\"_valueType\":\"boolean\"}"},{"dataType":"ValueEntry","value":"{\"_name\":\"isPreloadSoEnabled\",\"_value\":false,\"_valueType\":\"boolean\"}"},{"dataType":"ValueEntry","value":"{\"_name\":\"arkTsWdiget\",\"_value\":false,\"_valueType\":\"boolean\"}"},{"dataType":"ValueEntry","value":"{\"_name\":\"OBFUSCATION_ENABLE\",\"_value\":\"undefined\",\"_valueType\":\"string\"}"},{"dataType":"ValueEntry","value":"{\"_name\":\"OBFUSCATION_FILES_HASH\",\"_value\":\"\",\"_valueType\":\"string\"}"},{"dataType":"ValueEntry","value":"{\"_name\":\"maxFlowDepth\",\"_value\":\"undefined\",\"_valueType\":\"string\"}"},{"dataType":"ValueEntry","value":"{\"_name\":\"noExternalImportByPath\",\"_value\":true,\"_valueType\":\"boolean\"}"},{"dataType":"ValueEntry","value":"{\"_name\":\"copyCodeResourceEnable\",\"_value\":true,\"_valueType\":\"boolean\"}"},{"dataType":"ValueEntry","value":"{\"_name\":\"copyCodeResourceExcludes\",\"_value\":[],\"_valueType\":\"object\"}"},{"dataType":"ValueEntry","value":"{\"_name\":\"copyCodeResourceIncludes\",\"_value\":\"undefined\",\"_valueType\":\"string\"}"},{"dataType":"ValueEntry","value":"{\"_name\":\"ohos.uiTransform.Optimization\",\"_value\":false,\"_valueType\":\"boolean\"}"},{"dataType":"ValueEntry","value":"{\"_name\":\"ohos.rollupCache.useSourceHash\",\"_value\":false,\"_valueType\":\"boolean\"}"},{"dataType":"ValueEntry","value":"{\"_name\":\"localModuleParamMap\",\"_value\":\"{}\",\"_valueType\":\"string\"}"},{"dataType":"ValueEntry","value":"{\"_name\":\"BUILTIN_TASK_COMMAND\",\"_value\":\"\",\"_valueType\":\"string\"}"},{"dataType":"ValueEntry","value":"{\"_name\":\"BUILTIN_TASK_TOOLCHAIN\",\"_value\":\"\",\"_valueType\":\"string\"}"},{"dataType":"ValueEntry","value":"{\"_name\":\"BUILTIN_TASK_ENV\",\"_value\":\"\",\"_valueType\":\"string\"}"}],"_successful":true,"_projectName":"Account-main","_moduleName":"entry","_taskName":"default@CompileArkTS","_key":":Account-main:entry:default@CompileArkTS","_executionId":":Account-main:entry:default@CompileArkTS:1766910967435","_inputFiles":{"dataType":"Map","value":[["C:\\Users\\Alisa\\Desktop\\ayyyyy\\Account-main\\entry\\build\\default\\intermediates\\loader\\default",{"isDirectory":true,"fileSnapShotHashValue":"98dc083abdf4b3ed9b9314493cfcb1fd"}],["C:\\Users\\Alisa\\Desktop\\ayyyyy\\Account-main\\oh_modules\\.ohpm\\@ohos+mpchart@3.0.15\\oh_modules\\@ohos\\mpchart\\index.ets",{"fileSnapShotHashValue":"5170ccdfd05e9467b4730dc0841fc8d3"}],["C:\\Users\\Alisa\\Desktop\\ayyyyy\\Account-main\\oh_modules\\.ohpm\\@ohos+mpchart@3.0.15\\oh_modules\\@ohos\\mpchart\\src\\main\\ets",{"isDirectory":true,"fileSnapShotHashValue":"9161a6e5d63fc92ea44773167c01356d"}],["C:\\Users\\Alisa\\Desktop\\ayyyyy\\Account-main\\oh_modules\\.ohpm\\@hw-agconnect+auth@1.0.5\\oh_modules\\@hw-agconnect\\auth\\src\\main\\ets",{"isDirectory":true,"fileSnapShotHashValue":"18a986dcb81fc90f128931f646b89bce"}],["C:\\Users\\Alisa\\Desktop\\ayyyyy\\Account-main\\entry\\build\\default\\intermediates\\res\\default\\resources\\rawfile",{"isDirectory":true,"fileSnapShotHashValue":"90e009fe73210434f965c5ee64155829"}],["C:\\Users\\Alisa\\Desktop\\ayyyyy\\Account-main\\entry\\build\\default\\intermediates\\res\\default\\ResourceTable.txt",{"fileSnapShotHashValue":"98801c8cf0366799a1fca6862e489fbd"}],["C:\\Users\\Alisa\\Desktop\\ayyyyy\\Account-main\\entry\\build\\default\\intermediates\\res\\default\\ark_module.json",{"fileSnapShotHashValue":"145d4725a2c06be68bd20c4fcf7396a5"}],["C:\\Users\\Alisa\\Desktop\\ayyyyy\\Account-main\\entry\\build\\default\\intermediates\\res\\default\\resources\\base\\profile",{"isDirectory":true,"fileSnapShotHashValue":"2c16bca0fb1b85f6e43681133f8d1b21"}],["C:\\Users\\Alisa\\Desktop\\ayyyyy\\Account-main\\entry\\src\\main\\ets",{"isDirectory":true,"fileSnapShotHashValue":"44c8d07f57aa78250b66963fb8d43762"}],["C:\\Users\\Alisa\\Desktop\\ayyyyy\\Account-main\\entry\\build\\default\\intermediates\\loader\\default\\pkgContextInfo.json",{"fileSnapShotHashValue":"5a79781d3a0b9ce23045c0ce96c502f2"}],["C:\\Users\\Alisa\\Desktop\\ayyyyy\\Account-main\\entry\\build\\default\\generated\\profile\\default\\BuildProfile.ets",{"fileSnapShotHashValue":"6ffc74abb3fb5a730e365b06370ec5f6"}]]},"_outputFiles":{"dataType":"Map","value":[["C:\\Users\\Alisa\\Desktop\\ayyyyy\\Account-main\\entry\\build\\default\\intermediates\\loader_out\\default\\ets",{"isDirectory":true,"fileSnapShotHashValue":"c517b8c6a127c275d4ff4544591c7a57"}]]}},":Account-main:entry:default@BuildJS":{"_inputs":[{"dataType":"ValueEntry","value":"{\"_name\":\"debuggable\",\"_value\":true,\"_valueType\":\"boolean\"}"},{"dataType":"ValueEntry","value":"{\"_name\":\"isArk\",\"_value\":true,\"_valueType\":\"boolean\"}"},{"dataType":"ValueEntry","value":"{\"_name\":\"needCoverageInsert\",\"_value\":false,\"_valueType\":\"boolean\"}"},{"dataType":"ValueEntry","value":"{\"_name\":\"ark.tsImportSendable\",\"_value\":false,\"_valueType\":\"boolean\"}"},{"dataType":"ValueEntry","value":"{\"_name\":\"customTypes\",\"_value\":[],\"_valueType\":\"object\"}"},{"dataType":"ValueEntry","value":"{\"_name\":\"isByteCodeHarOptimize\",\"_value\":false,\"_valueType\":\"boolean\"}"},{"dataType":"ValueEntry","value":"{\"_name\":\"@ohos/mpchart\",\"_value\":\"@ohos/mpchart: ^3.0.15\",\"_valueType\":\"string\"}"},{"dataType":"ValueEntry","value":"{\"_name\":\"@hw-agconnect/auth\",\"_value\":\"@hw-agconnect/auth: ^1.0.5\",\"_valueType\":\"string\"}"},{"dataType":"ValueEntry","value":"{\"_name\":\"caseSensitiveCheck\",\"_value\":false,\"_valueType\":\"boolean\"}"},{"dataType":"ValueEntry","value":"{\"_name\":\"useNormalizedOHMUrl\",\"_value\":true,\"_valueType\":\"boolean\"}"},{"dataType":"ValueEntry","value":"{\"_name\":\"transformLib\",\"_value\":\"\",\"_valueType\":\"string\"}"},{"dataType":"ValueEntry","value":"{\"_name\":\"compatibleSdkVersionStage\",\"_value\":\"beta1\",\"_valueType\":\"string\"}"},{"dataType":"ValueEntry","value":"{\"_name\":\"skipOhModulesLint\",\"_value\":false,\"_valueType\":\"boolean\"}"},{"dataType":"ValueEntry","value":"{\"_name\":\"autoLazyImport\",\"_value\":false,\"_valueType\":\"boolean\"}"},{"dataType":"ValueEntry","value":"{\"_name\":\"allowEmptyBundleName\",\"_value\":false,\"_valueType\":\"boolean\"}"},{"dataType":"ValueEntry","value":"{\"_name\":\"reExportCheckMode\",\"_value\":\"noCheck\",\"_valueType\":\"string\"}"},{"dataType":"ValueEntry","value":"{\"_name\":\"executionMode\",\"_value\":\"memory\",\"_valueType\":\"string\"}"},{"dataType":"ValueEntry","value":"{\"_name\":\"usePathPlaceholder\",\"_value\":false,\"_valueType\":\"boolean\"}"},{"dataType":"ValueEntry","value":"{\"_name\":\"writeRollupCache\",\"_value\":true,\"_valueType\":\"boolean\"}"},{"dataType":"ValueEntry","value":"{\"_name\":\"isExpandImportEnabled\",\"_value\":false,\"_valueType\":\"boolean\"}"},{"dataType":"ValueEntry","value":"{\"_name\":\"expandImportExclude\",\"_value\":\"\",\"_valueType\":\"string\"}"},{"dataType":"ValueEntry","value":"{\"_name\":\"ignoreCrossplatformCheck\",\"_value\":false,\"_valueType\":\"boolean\"}"},{"dataType":"ValueEntry","value":"{\"_name\":\"BUILTIN_TASK_COMMAND\",\"_value\":\"\",\"_valueType\":\"string\"}"},{"dataType":"ValueEntry","value":"{\"_name\":\"BUILTIN_TASK_TOOLCHAIN\",\"_value\":\"\",\"_valueType\":\"string\"}"},{"dataType":"ValueEntry","value":"{\"_name\":\"BUILTIN_TASK_ENV\",\"_value\":\"\",\"_valueType\":\"string\"}"}],"_successful":false,"_projectName":"Account-main","_moduleName":"entry","_taskName":"default@BuildJS","_key":":Account-main:entry:default@BuildJS","_executionId":":Account-main:entry:default@BuildJS:1766910967516","_inputFiles":{"dataType":"Map","value":[["C:\\Users\\Alisa\\Desktop\\ayyyyy\\Account-main\\entry\\build\\default\\intermediates\\loader\\default",{"isDirectory":true,"fileSnapShotHashValue":"98dc083abdf4b3ed9b9314493cfcb1fd"}],["C:\\Users\\Alisa\\Desktop\\ayyyyy\\Account-main\\oh_modules\\.ohpm\\@ohos+mpchart@3.0.15\\oh_modules\\@ohos\\mpchart\\index.ets",{"fileSnapShotHashValue":"5170ccdfd05e9467b4730dc0841fc8d3"}],["C:\\Users\\Alisa\\Desktop\\ayyyyy\\Account-main\\entry\\build\\default\\intermediates\\res\\default\\resources\\rawfile",{"isDirectory":true,"fileSnapShotHashValue":"90e009fe73210434f965c5ee64155829"}],["C:\\Users\\Alisa\\Desktop\\ayyyyy\\Account-main\\entry\\build\\default\\intermediates\\res\\default\\ResourceTable.txt",{"fileSnapShotHashValue":"98801c8cf0366799a1fca6862e489fbd"}],["C:\\Users\\Alisa\\Desktop\\ayyyyy\\Account-main\\entry\\build\\default\\intermediates\\res\\default\\ark_module.json",{"fileSnapShotHashValue":"145d4725a2c06be68bd20c4fcf7396a5"}],["C:\\Users\\Alisa\\Desktop\\ayyyyy\\Account-main\\entry\\build\\default\\intermediates\\res\\default\\resources\\base\\profile",{"isDirectory":true,"fileSnapShotHashValue":"2c16bca0fb1b85f6e43681133f8d1b21"}],["C:\\Users\\Alisa\\Desktop\\ayyyyy\\Account-main\\entry\\build\\default\\intermediates\\loader\\default\\pkgContextInfo.json",{"fileSnapShotHashValue":"5a79781d3a0b9ce23045c0ce96c502f2"}]]},"_outputFiles":{"dataType":"Map","value":[["C:\\Users\\Alisa\\Desktop\\ayyyyy\\Account-main\\entry\\build\\default\\intermediates\\loader_out\\default\\js",{"isDirectory":true,"fileSnapShotHashValue":""}]]}},":Account-main:entry:default@CacheNativeLibs":{"_inputs":[{"dataType":"ValueEntry","value":"{\"_name\":\"BUILTIN_TASK_COMMAND\",\"_value\":\"\",\"_valueType\":\"string\",\"_hash\":\"0b5d05294fdf4e78e8482ef53eb64ac0\"}"},{"dataType":"ValueEntry","value":"{\"_name\":\"BUILTIN_TASK_ENV\",\"_value\":\"\",\"_valueType\":\"string\",\"_hash\":\"cdcdc2ec8062ca9ec1de46dbf2bbc053\"}"},{"dataType":"ValueEntry","value":"{\"_name\":\"BUILTIN_TASK_TOOLCHAIN\",\"_value\":\"\",\"_valueType\":\"string\",\"_hash\":\"e7f94a9422a8bc317a7d90b58efcb5f6\"}"},{"dataType":"ValueEntry","value":"{\"_name\":\"debugSymbol\",\"_value\":\"\",\"_valueType\":\"string\",\"_hash\":\"055eeab6818b3f1a4978705cfba272fa\"}"}],"_successful":true,"_projectName":"Account-main","_moduleName":"entry","_taskName":"default@CacheNativeLibs","_key":":Account-main:entry:default@CacheNativeLibs","_executionId":":Account-main:entry:default@CacheNativeLibs:1766908894218","_inputFiles":{"dataType":"Map","value":[["C:\\Users\\Alisa\\Desktop\\ayyyyy\\Account-main\\entry\\build\\default\\intermediates\\stripped_native_libs\\default",{"isDirectory":true,"fileSnapShotHashValue":""}],["C:\\Users\\Alisa\\Desktop\\ayyyyy\\Account-main\\entry\\build\\default\\intermediates\\libs\\default",{"isDirectory":true,"fileSnapShotHashValue":""}]]},"_outputFiles":{"dataType":"Map","value":[["C:\\Users\\Alisa\\Desktop\\ayyyyy\\Account-main\\entry\\build\\default\\intermediates\\patch\\default\\base_native_libs.json",{"isDirectory":false,"fileSnapShotHashValue":"aeedf38b4d4261d821dc198155c3efc2"}]]}},":Account-main:entry:default@GeneratePkgModuleJson":{"_inputs":[{"dataType":"ValueEntry","value":"{\"_name\":\"BUILTIN_TASK_COMMAND\",\"_value\":\"\",\"_valueType\":\"string\"}"},{"dataType":"ValueEntry","value":"{\"_name\":\"BUILTIN_TASK_TOOLCHAIN\",\"_value\":\"\",\"_valueType\":\"string\"}"},{"dataType":"ValueEntry","value":"{\"_name\":\"BUILTIN_TASK_ENV\",\"_value\":\"\",\"_valueType\":\"string\"}"}],"_successful":true,"_projectName":"Account-main","_moduleName":"entry","_taskName":"default@GeneratePkgModuleJson","_key":":Account-main:entry:default@GeneratePkgModuleJson","_executionId":":Account-main:entry:default@GeneratePkgModuleJson:1766910969901","_inputFiles":{"dataType":"Map","value":[["C:\\Users\\Alisa\\Desktop\\ayyyyy\\Account-main\\entry\\build\\default\\intermediates\\res\\default\\module.json",{"fileSnapShotHashValue":"4f069bb5202cec8993d3e8973294e0e5"}]]},"_outputFiles":{"dataType":"Map","value":[["C:\\Users\\Alisa\\Desktop\\ayyyyy\\Account-main\\entry\\build\\default\\intermediates\\package\\default\\module.json",{"fileSnapShotHashValue":"4f069bb5202cec8993d3e8973294e0e5"}]]}},":Account-main:entry:default@ProcessCompiledResources":{"_inputs":[{"dataType":"ValueEntry","value":"{\"_name\":\"resourcePath\",\"_value\":\"C:\\\\Users\\\\Alisa\\\\Desktop\\\\ayyyyy\\\\Account-main\\\\entry\\\\build\\\\default\\\\intermediates\\\\res\\\\default\\\\resources\",\"_valueType\":\"string\"}"},{"dataType":"ValueEntry","value":"{\"_name\":\"BUILTIN_TASK_COMMAND\",\"_value\":\"\",\"_valueType\":\"string\"}"},{"dataType":"ValueEntry","value":"{\"_name\":\"BUILTIN_TASK_TOOLCHAIN\",\"_value\":\"\",\"_valueType\":\"string\"}"},{"dataType":"ValueEntry","value":"{\"_name\":\"BUILTIN_TASK_ENV\",\"_value\":\"\",\"_valueType\":\"string\"}"}],"_successful":false,"_projectName":"Account-main","_moduleName":"entry","_taskName":"default@ProcessCompiledResources","_key":":Account-main:entry:default@ProcessCompiledResources","_executionId":":Account-main:entry:default@ProcessCompiledResources:1766910969904","_inputFiles":{"dataType":"Map","value":[]},"_outputFiles":{"dataType":"Map","value":[]}},":Account-main:entry:default@PackageHap":{"_inputs":[{"dataType":"ValueEntry","value":"{\"_name\":\"hotReload\",\"_value\":false,\"_valueType\":\"boolean\"}"},{"dataType":"ValueEntry","value":"{\"_name\":\"integrated_hsp\",\"_value\":false,\"_valueType\":\"boolean\"}"},{"dataType":"ValueEntry","value":"{\"_name\":\"projectConfigAppOpt\",\"_valueType\":\"undefined\"}"},{"dataType":"ValueEntry","value":"{\"_name\":\"sourceMapDir\",\"_value\":\"\",\"_valueType\":\"string\"}"},{"dataType":"ValueEntry","value":"{\"_name\":\"bundleType\",\"_value\":\"app\",\"_valueType\":\"string\"}"},{"dataType":"ValueEntry","value":"{\"_name\":\"BUILTIN_TASK_COMMAND\",\"_value\":\"java,-Dfile.encoding=GBK,-jar,D:\\\\HM\\\\devecostudio-windows-6.0.0.858\\\\DevEco Studio\\\\sdk\\\\default\\\\openharmony\\\\toolchains\\\\lib\\\\app_packing_tool.jar,--mode,hap,--force,true,--lib-path,C:\\\\Users\\\\Alisa\\\\Desktop\\\\ayyyyy\\\\Account-main\\\\entry\\\\build\\\\default\\\\intermediates\\\\stripped_native_libs\\\\default,--json-path,C:\\\\Users\\\\Alisa\\\\Desktop\\\\ayyyyy\\\\Account-main\\\\entry\\\\build\\\\default\\\\intermediates\\\\package\\\\default\\\\module.json,--resources-path,C:\\\\Users\\\\Alisa\\\\Desktop\\\\ayyyyy\\\\Account-main\\\\entry\\\\build\\\\default\\\\intermediates\\\\res\\\\default\\\\resources,--index-path,C:\\\\Users\\\\Alisa\\\\Desktop\\\\ayyyyy\\\\Account-main\\\\entry\\\\build\\\\default\\\\intermediates\\\\res\\\\default\\\\resources.index,--pack-info-path,C:\\\\Users\\\\Alisa\\\\Desktop\\\\ayyyyy\\\\Account-main\\\\entry\\\\build\\\\default\\\\outputs\\\\default\\\\pack.info,--out-path,C:\\\\Users\\\\Alisa\\\\Desktop\\\\ayyyyy\\\\Account-main\\\\entry\\\\build\\\\default\\\\outputs\\\\default\\\\entry-default-unsigned.hap,--ets-path,C:\\\\Users\\\\Alisa\\\\Desktop\\\\ayyyyy\\\\Account-main\\\\entry\\\\build\\\\default\\\\intermediates\\\\loader_out\\\\default\\\\ets,--pkg-context-path,C:\\\\Users\\\\Alisa\\\\Desktop\\\\ayyyyy\\\\Account-main\\\\entry\\\\build\\\\default\\\\intermediates\\\\loader\\\\default\\\\pkgContextInfo.json\",\"_valueType\":\"string\"}"},{"dataType":"ValueEntry","value":"{\"_name\":\"BUILTIN_TASK_TOOLCHAIN\",\"_value\":\"D:\\\\HM\\\\devecostudio-windows-6.0.0.858\\\\DevEco Studio\\\\sdk\\\\default\\\\openharmony\\\\toolchains\\\\lib\\\\app_packing_tool.jar\",\"_valueType\":\"string\"}"},{"dataType":"ValueEntry","value":"{\"_name\":\"BUILTIN_TASK_ENV\",\"_value\":\"\",\"_valueType\":\"string\"}"}],"_successful":true,"_projectName":"Account-main","_moduleName":"entry","_taskName":"default@PackageHap","_key":":Account-main:entry:default@PackageHap","_executionId":":Account-main:entry:default@PackageHap:1766910969907","_inputFiles":{"dataType":"Map","value":[["C:\\Users\\Alisa\\Desktop\\ayyyyy\\Account-main\\entry\\build\\default\\intermediates\\stripped_native_libs\\default",{"isDirectory":false,"fileSnapShotHashValue":""}],["C:\\Users\\Alisa\\Desktop\\ayyyyy\\Account-main\\entry\\build\\default\\intermediates\\res\\default\\module.json",{"isDirectory":false,"fileSnapShotHashValue":"4f069bb5202cec8993d3e8973294e0e5"}],["C:\\Users\\Alisa\\Desktop\\ayyyyy\\Account-main\\entry\\build\\default\\intermediates\\res\\default\\resources",{"isDirectory":false,"fileSnapShotHashValue":"d39b3b6ae4812673a1f3b360d549cfe0"}],["C:\\Users\\Alisa\\Desktop\\ayyyyy\\Account-main\\entry\\build\\default\\intermediates\\res\\default\\resources.index",{"isDirectory":false,"fileSnapShotHashValue":"b61d0957ce183bee4ccc0143b2bd3d7b"}],["C:\\Users\\Alisa\\Desktop\\ayyyyy\\Account-main\\entry\\build\\default\\outputs\\default\\pack.info",{"isDirectory":false,"fileSnapShotHashValue":"4e1773692eeceadb898ffe6828328926"}],["C:\\Users\\Alisa\\Desktop\\ayyyyy\\Account-main\\entry\\build\\default\\intermediates\\loader_out\\default\\ets",{"isDirectory":false,"fileSnapShotHashValue":"c517b8c6a127c275d4ff4544591c7a57"}],["C:\\Users\\Alisa\\Desktop\\ayyyyy\\Account-main\\entry\\build\\default\\intermediates\\loader\\default\\pkgContextInfo.json",{"isDirectory":false,"fileSnapShotHashValue":"5a79781d3a0b9ce23045c0ce96c502f2"}],["C:\\Users\\Alisa\\Desktop\\ayyyyy\\Account-main\\entry\\build\\default\\intermediates\\loader_out\\default\\ets\\sourceMaps.map",{"isDirectory":false,"fileSnapShotHashValue":"8f5029413da8b64445806ee54f5f5e09"}],["C:\\Users\\Alisa\\Desktop\\ayyyyy\\Account-main\\entry\\build\\default\\generated\\profile\\default\\BuildProfile.ets",{"fileSnapShotHashValue":"6ffc74abb3fb5a730e365b06370ec5f6"}]]},"_outputFiles":{"dataType":"Map","value":[["C:\\Users\\Alisa\\Desktop\\ayyyyy\\Account-main\\entry\\build\\default\\outputs\\default\\entry-default-unsigned.hap",{"isDirectory":false,"fileSnapShotHashValue":"52b2f1c974b517576831a5cfb3fd2684"}],["C:\\Users\\Alisa\\Desktop\\ayyyyy\\Account-main\\entry\\build\\default\\intermediates\\source_map\\default\\sourceMaps.map",{"fileSnapShotHashValue":"8f5029413da8b64445806ee54f5f5e09"}],["C:\\Users\\Alisa\\Desktop\\ayyyyy\\Account-main\\entry\\build\\default\\outputs\\default\\mapping\\sourceMaps.map",{"fileSnapShotHashValue":"8f5029413da8b64445806ee54f5f5e09"}]]}},":Account-main:entry:default@SignHap":{"_inputs":[{"dataType":"ValueEntry","value":"{\"_name\":\"enableSignTask\",\"_value\":true,\"_valueType\":\"boolean\"}"},{"dataType":"ValueEntry","value":"{\"_name\":\"sdkToolchainsComponentVersion\",\"_value\":\"6.0.0.47\",\"_valueType\":\"string\"}"},{"dataType":"ValueEntry","value":"{\"_name\":\"existSigningConfig\",\"_value\":false,\"_valueType\":\"boolean\"}"},{"dataType":"ValueEntry","value":"{\"_name\":\"BUILTIN_TASK_COMMAND\",\"_value\":\"\",\"_valueType\":\"string\"}"},{"dataType":"ValueEntry","value":"{\"_name\":\"BUILTIN_TASK_TOOLCHAIN\",\"_value\":\"\",\"_valueType\":\"string\"}"},{"dataType":"ValueEntry","value":"{\"_name\":\"BUILTIN_TASK_ENV\",\"_value\":\"\",\"_valueType\":\"string\"}"}],"_successful":true,"_projectName":"Account-main","_moduleName":"entry","_taskName":"default@SignHap","_key":":Account-main:entry:default@SignHap","_executionId":":Account-main:entry:default@SignHap:1766910970014","_inputFiles":{"dataType":"Map","value":[["C:\\Users\\Alisa\\Desktop\\ayyyyy\\Account-main\\entry\\build\\default\\outputs\\default\\entry-default-unsigned.hap",{"isDirectory":false,"fileSnapShotHashValue":"52b2f1c974b517576831a5cfb3fd2684"}]]},"_outputFiles":{"dataType":"Map","value":[["C:\\Users\\Alisa\\Desktop\\ayyyyy\\Account-main\\entry\\build\\default\\outputs\\default\\entry-default-signed.hap",{"isDirectory":false,"fileSnapShotHashValue":""}]]}},":Account-main:entry:default@CollectDebugSymbol":{"_inputs":[{"dataType":"ValueEntry","value":"{\"_name\":\"BUILTIN_TASK_COMMAND\",\"_value\":\"\",\"_valueType\":\"string\"}"},{"dataType":"ValueEntry","value":"{\"_name\":\"BUILTIN_TASK_TOOLCHAIN\",\"_value\":\"\",\"_valueType\":\"string\"}"},{"dataType":"ValueEntry","value":"{\"_name\":\"BUILTIN_TASK_ENV\",\"_value\":\"\",\"_valueType\":\"string\"}"}],"_successful":false,"_projectName":"Account-main","_moduleName":"entry","_taskName":"default@CollectDebugSymbol","_key":":Account-main:entry:default@CollectDebugSymbol","_executionId":":Account-main:entry:default@CollectDebugSymbol:1766910970017","_inputFiles":{"dataType":"Map","value":[["C:\\Users\\Alisa\\Desktop\\ayyyyy\\Account-main\\entry\\build\\default\\intermediates\\loader_out\\default\\ets\\sourceMaps.map",{"fileSnapShotHashValue":"8f5029413da8b64445806ee54f5f5e09"}],["C:\\Users\\Alisa\\Desktop\\ayyyyy\\Account-main\\entry\\build\\default\\intermediates\\libs\\default",{"isDirectory":true,"fileSnapShotHashValue":""}]]},"_outputFiles":{"dataType":"Map","value":[["C:\\Users\\Alisa\\Desktop\\ayyyyy\\Account-main\\entry\\build\\default\\outputs\\default\\symbol",{"isDirectory":true,"fileSnapShotHashValue":""}]]}}}