{
	"app": {
		"bundleName": "cn.openharmony.mpchart",
		"debug": true,
		"versionCode": 1000000,
		"versionName": "3.0.15",
		"minAPIVersion": 10,
		"targetAPIVersion": 10,
		"apiReleaseType": "Release",
		"compileSdkVersion": "4.0.10.16",
		"compileSdkType": "OpenHarmony",
		"appEnvironments": [],
		"bundleType": "app"
	},
	"module": {
		"name": "library",
		"type": "har",
		"deviceTypes": [
			"default"
		],
		"packageName": "@ohos/mpchart",
		"installationFree": false,
		"virtualMachine": "ark9.0.0.0",
		"compileMode": "esmodule",
		"dependencies": []
	}
}
