{
  "ohos-module-entry": {
    "SELECT_TARGET": "default",
    "MODULE_BUILD_DIR": "C:\\Users\\Alisa\\Desktop\\ayyyyy\\Account-main\\entry\\build",
    "TARGETS": {
      "default": {
        "SOURCE_ROOT": "C:\\Users\\Alisa\\Desktop\\ayyyyy\\Account-main\\entry\\src\\main",
        "RESOURCES_PATH": [
          "C:\\Users\\Alisa\\Desktop\\ayyyyy\\Account-main\\entry\\src\\main\\resources"
        ],
        "BUILD_PATH": {
          "OUTPUT_PATH": "C:\\Users\\Alisa\\Desktop\\ayyyyy\\Account-main\\entry\\build\\default\\outputs\\default",
          "INTERMEDIA_PATH": "C:\\Users\\Alisa\\Desktop\\ayyyyy\\Account-main\\entry\\build\\default\\intermediates",
          "JS_ASSETS_PATH": "C:\\Users\\Alisa\\Desktop\\ayyyyy\\Account-main\\entry\\build\\default\\intermediates\\loader_out\\default",
          "JS_LITE_ASSETS_PATH": "C:\\Users\\Alisa\\Desktop\\ayyyyy\\Account-main\\entry\\build\\default\\intermediates\\loader_out_lite\\default",
          "RES_PATH": "C:\\Users\\Alisa\\Desktop\\ayyyyy\\Account-main\\entry\\build\\default\\intermediates\\res\\default",
          "RES_PROFILE_PATH": "C:\\Users\\Alisa\\Desktop\\ayyyyy\\Account-main\\entry\\build\\default\\intermediates\\res\\default\\resources\\base\\profile",
          "ETS_SUPER_VISUAL_PATH": "C:\\Users\\Alisa\\Desktop\\ayyyyy\\Account-main\\entry\\build\\default\\cache\\default\\default@CompileArkTS\\esmodule",
          "JS_SUPER_VISUAL_PATH": "C:\\Users\\Alisa\\Desktop\\ayyyyy\\Account-main\\entry\\build\\default\\cache\\default\\default@CompileJS\\jsbundle",
          "WORKER_LOADER": "C:\\Users\\Alisa\\Desktop\\ayyyyy\\Account-main\\entry\\build\\default\\intermediates\\loader\\default\\loader.json",
          "MANIFEST_JSON": "C:\\Users\\Alisa\\Desktop\\ayyyyy\\Account-main\\entry\\build\\default\\intermediates\\manifest\\default",
          "OUTPUT_METADATA_JSON": "C:\\Users\\Alisa\\Desktop\\ayyyyy\\Account-main\\entry\\build\\default\\intermediates\\hap_metadata\\default\\output_metadata.json",
          "SOURCE_MAP_DIR": "C:\\Users\\Alisa\\Desktop\\ayyyyy\\Account-main\\entry\\build\\default\\intermediates\\source_map\\default"
        },
        "BUILD_OPTION": {
          "debuggable": true
        }
      }
    },
    "BUILD_OPTION": {
      "default-default": {
        "debuggable": true,
        "copyFrom": "default",
        "strictMode": {
          "useNormalizedOHMUrl": true
        }
      }
    },
    "BUILD_PROFILE_OPT": {
      "apiType": "stageMode",
      "targets": [
        {
          "name": "default",
          "runtimeOS": "HarmonyOS"
        }
      ]
    },
    "BUILD_CACHE_DIR": ""
  },
  "ohos-project": {
    "SELECT_PRODUCT_NAME": "default",
    "MODULE_BUILD_DIR": "C:\\Users\\Alisa\\Desktop\\ayyyyy\\Account-main\\build",
    "BUNDLE_NAME": "com.ay.wealth",
    "BUILD_PATH": {
      "OUTPUT_PATH": "C:\\Users\\Alisa\\Desktop\\ayyyyy\\Account-main\\build\\outputs\\default"
    },
    "MODULES": [
      {
        "name": "entry",
        "srcPath": "C:\\Users\\Alisa\\Desktop\\ayyyyy\\Account-main\\entry",
        "targets": [
          {
            "name": "default",
            "applyToProducts": [
              "default"
            ]
          }
        ],
        "belongProjectPath": "C:\\Users\\Alisa\\Desktop\\ayyyyy\\Account-main"
      }
    ],
    "PROFILE_OPT": {
      "app": {
        "signingConfigs": [],
        "products": [
          {
            "name": "default",
            "signingConfig": "default",
            "compatibleSdkVersion": "5.0.0(12)",
            "runtimeOS": "HarmonyOS",
            "buildOption": {
              "strictMode": {
                "useNormalizedOHMUrl": true
              }
            }
          }
        ]
      },
      "modules": [
        {
          "name": "entry",
          "srcPath": "./entry",
          "targets": [
            {
              "name": "default",
              "applyToProducts": [
                "default"
              ]
            }
          ]
        }
      ]
    },
    "CONFIG_PROPERTIES": {
      "enableSignTask": true,
      "skipNativeIncremental": false,
      "hvigor.keepDependency": true
    },
    "OVERALL_PROJECT_PATHS": [
      "C:\\Users\\Alisa\\Desktop\\ayyyyy\\Account-main"
    ],
    "BUILD_CACHE_DIR": ""
  },
  "version": 1
}